brand,model,category,size,storage,color,price,source,webpage,condition,date,article_number,reviews_count,rating,camera_MP,delivery_time
APPLE,iPhone 15 ,Smartphone,6.1,128 GB,Black,719.,mediamarkt,https://www.mediamarkt.ch/de/product/_apple-iphone-15-2203371.html,new,2024-04-15,2203371,(24),4.8,48 MP,Auslieferung in 1-2 Werktagen
XIAOMI,Redmi A2 ,Smartphone,6.52,32 GB,Schwarz,84.95,mediamarkt,https://www.mediamarkt.ch/de/product/_xiaomi-redmi-a2-2178004.html,new,2024-04-15,2178004,(10),4.1,8 MP,Auslieferung in 1-2 Werktagen
APPLE,iPhone 15 Pro ,Smartphone,6.1,256 GB,Black Titanium,1029.,mediamarkt,https://www.mediamarkt.ch/de/product/_apple-iphone-15-pro-2203408.html,new,2024-04-15,2203408,(15),4.9,48 MP,Auslieferung in 1-2 Werktagen
APPLE,iPhone 15 Pro Max ,Smartphone,6.7,256 GB,Black Titanium,1129.,mediamarkt,https://www.mediamarkt.ch/de/product/_apple-iphone-15-pro-max-2203426.html,new,2024-04-15,2203426,(13),4.9,48 MP,Auslieferung in 1-2 Werktagen
APPLE,iPhone 15 ,Smartphone,6.1,128 GB,Yellow,719.,mediamarkt,https://www.mediamarkt.ch/de/product/_apple-iphone-15-2203373.html,new,2024-04-15,2203373,(0),,48 MP,Auslieferung in 1-2 Werktagen
APPLE,iPhone 15 ,Smartphone,6.1,128 GB,Blue,719.,mediamarkt,https://www.mediamarkt.ch/de/product/_apple-iphone-15-2203374.html,new,2024-04-15,2203374,(8),5.0,48 MP,"Bestellbar, Auslieferung in 1-2 Werktagen"
APPLE,iPhone 14 ,Smartphone,6.1,128 GB,Midnight,619.,mediamarkt,https://www.mediamarkt.ch/de/product/_apple-iphone-14-2151025.html,new,2024-04-15,2151025,(12),4.8,12 MP,Auslieferung in 1-2 Werktagen
APPLE,iPhone 13 ,Smartphone,6.1,128 GB,Starlight,525.,mediamarkt,https://www.mediamarkt.ch/de/product/_apple-iphone-13-2091429.html,new,2024-04-15,2091429,(34),4.7,12 MP,Auslieferung in bis zu 6 Werktagen
APPLE,iPhone 15 Pro Max ,Smartphone,6.7,256 GB,Natural Titanium,1129.,mediamarkt,https://www.mediamarkt.ch/de/product/_apple-iphone-15-pro-max-2203429.html,new,2024-04-15,2203429,(33),4.5,48 MP,"Bestellbar, Auslieferung in 1-2 Werktagen"
APPLE,iPhone 11 (2020) ,Smartphone,6.1,64 GB,Black,399.,mediamarkt,https://www.mediamarkt.ch/de/product/_apple-iphone-11-2020-2028715.html,new,2024-04-15,2028715,(67),4.7,12 MP,Auslieferung in 1-2 Werktagen
APPLE,iPhone 15 Pro ,Smartphone,6.1,256 GB,White Titanium,1029.,mediamarkt,https://www.mediamarkt.ch/de/product/_apple-iphone-15-pro-2203409.html,new,2024-04-15,2203409,(1),5.0,48 MP,Auslieferung in 1-2 Werktagen
APPLE,iPhone 13 ,Smartphone,6.1,128 GB,Green,525.,mediamarkt,https://www.mediamarkt.ch/de/product/_apple-iphone-13-2118876.html,new,2024-04-15,2118876,(0),,12 MP,Auslieferung in bis zu 6 Werktagen
APPLE,iPhone 15 Pro ,Smartphone,6.1,128 GB,Natural Titanium,929.,mediamarkt,https://www.mediamarkt.ch/de/product/_apple-iphone-15-pro-2203405.html,new,2024-04-15,2203405,(12),4.3,48 MP,Auslieferung in 1-2 Werktagen
APPLE,iPhone 14 ,Smartphone,6.1,128 GB,Purple,619.,mediamarkt,https://www.mediamarkt.ch/de/product/_apple-iphone-14-2151027.html,new,2024-04-15,2151027,(12),4.8,12 MP,Auslieferung in 1-2 Werktagen
APPLE,iPhone 15 ,Smartphone,6.1,256 GB,Black,816.,mediamarkt,https://www.mediamarkt.ch/de/product/_apple-iphone-15-2203376.html,new,2024-04-15,2203376,(5),4.8,48 MP,Auslieferung in 1-2 Werktagen
APPLE,iPhone 15 Pro Max ,Smartphone,6.7,256 GB,Blue Titanium,1129.,mediamarkt,https://www.mediamarkt.ch/de/product/_apple-iphone-15-pro-max-2203430.html,new,2024-04-15,2203430,(15),4.9,48 MP,"Bestellbar, Auslieferung in 1-2 Werktagen"
XIAOMI,Redmi 13C ,Smartphone,6.74,128 GB,Midnight Black,119.95,mediamarkt,https://www.mediamarkt.ch/de/product/_xiaomi-redmi-13c-2219843.html,new,2024-04-15,2219843,(3),4.7,50 MP,"Bestellbar, Auslieferung in 1-2 Werktagen"
APPLE,iPhone 15 ,Smartphone,6.1,128 GB,Pink,719.,mediamarkt,https://www.mediamarkt.ch/de/product/_apple-iphone-15-2203372.html,new,2024-04-15,2203372,(7),4.4,48 MP,"Bestellbar, Auslieferung in 1-2 Werktagen"
APPLE,iPhone 15 ,Smartphone,6.1,256 GB,Yellow,816.,mediamarkt,https://www.mediamarkt.ch/de/product/_apple-iphone-15-2203379.html,new,2024-04-15,2203379,(0),,48 MP,Auslieferung in 1-2 Werktagen
APPLE,iPhone 15 Pro ,Smartphone,6.1,256 GB,Natural Titanium,1029.,mediamarkt,https://www.mediamarkt.ch/de/product/_apple-iphone-15-pro-2203410.html,new,2024-04-15,2203410,(17),4.0,48 MP,Auslieferung in 1-2 Werktagen
APPLE,iPhone 15 Pro ,Smartphone,6.1,256 GB,Blue Titanium,1029.,mediamarkt,https://www.mediamarkt.ch/de/product/_apple-iphone-15-pro-2203411.html,new,2024-04-15,2203411,(11),4.8,48 MP,"Bestellbar, Auslieferung in 1-2 Werktagen"
SAMSUNG,Galaxy A15 4G ,Smartphone,6.5,128 GB,Blue Black,169.,mediamarkt,https://www.mediamarkt.ch/de/product/_samsung-galaxy-a15-4g-2221378.html,new,2024-04-15,2221378,(0),,50 MP,"Bestellbar, Auslieferung in 1-2 Werktagen"
APPLE,iPhone 15 Pro Max ,Smartphone,6.7,256 GB,White Titanium,1129.,mediamarkt,https://www.mediamarkt.ch/de/product/_apple-iphone-15-pro-max-2203427.html,new,2024-04-15,2203427,(9),4.8,48 MP,"Bestellbar, Auslieferung in 1-2 Werktagen"
APPLE,iPhone SE (2022) ,Smartphone,4.7,64 GB,Midnight,383.95,mediamarkt,https://www.mediamarkt.ch/de/product/_apple-iphone-se-2022-2118897.html,new,2024-04-15,2118897,(8),4.5,12 MP,Auslieferung in 1-2 Werktagen
APPLE,iPhone 15 Pro ,Smartphone,6.1,128 GB,Blue Titanium,929.,mediamarkt,https://www.mediamarkt.ch/de/product/_apple-iphone-15-pro-2203407.html,new,2024-04-15,2203407,(18),4.9,48 MP,Auslieferung in 1-2 Werktagen
APPLE,iPhone 13 ,Smartphone,6.1,128 GB,Midnight,525.,mediamarkt,https://www.mediamarkt.ch/de/product/_apple-iphone-13-2091423.html,new,2024-04-15,2091423,(78),4.6,12 MP,Auslieferung in 1-2 Werktagen
SAMSUNG,Galaxy A55 5G ,Smartphone,6.6,256 GB,Awesome Lilac,479.95,mediamarkt,https://www.mediamarkt.ch/de/product/_samsung-galaxy-a55-5g-2237092.html,new,2024-04-15,2237092,(1),5.0,50 MP,Auslieferung in bis zu 6 Werktagen
APPLE,iPhone 11 (2020) ,Smartphone,6.1,128 GB,Black,497.95,mediamarkt,https://www.mediamarkt.ch/de/product/_apple-iphone-11-2020-2028727.html,new,2024-04-15,2028727,(50),4.5,12 MP,Auslieferung in 1-2 Werktagen
APPLE,iPhone 15 Pro ,Smartphone,6.1,128 GB,Black Titanium,929.,mediamarkt,https://www.mediamarkt.ch/de/product/_apple-iphone-15-pro-2203403.html,new,2024-04-15,2203403,(28),4.9,48 MP,Auslieferung in 1-2 Werktagen
SAMSUNG,Galaxy A15 4G ,Smartphone,6.5,128 GB,Blue,169.,mediamarkt,https://www.mediamarkt.ch/de/product/_samsung-galaxy-a15-4g-2221377.html,new,2024-04-15,2221377,(0),,50 MP,"Bestellbar, Auslieferung in 1-2 Werktagen"
APPLE,iPhone 15 ,Smartphone,6.1,256 GB,Blue,829.,mediamarkt,https://www.mediamarkt.ch/de/product/_apple-iphone-15-2203380.html,new,2024-04-15,2203380,(2),5.0,48 MP,"Bestellbar, Auslieferung in 1-2 Werktagen"
APPLE,iPhone SE ,Smartphone,4.7,128 GB,Midnight,430.95,mediamarkt,https://www.mediamarkt.ch/de/product/_apple-iphone-se-2118902.html,new,2024-04-15,2118902,(9),4.4,12 MP,"Bestellbar, Auslieferung in 1-2 Werktagen"
APPLE,iPhone 15 Pro Max ,Smartphone,6.7,512 GB,Black Titanium,1342.,mediamarkt,https://www.mediamarkt.ch/de/product/_apple-iphone-15-pro-max-2203431.html,new,2024-04-15,2203431,(5),5.0,48 MP,Auslieferung in bis zu 7 Werktagen
SAMSUNG,Galaxy A55 5G ,Smartphone,6.6,256 GB,Awesome Navy,479.,mediamarkt,https://www.mediamarkt.ch/de/product/_samsung-galaxy-a55-5g-2237090.html,new,2024-04-15,2237090,(0),,50 MP,Auslieferung in bis zu 7 Werktagen
SAMSUNG,Galaxy Z Flip5 ,Smartphone,6.7,512 GB,Graphite,844.,mediamarkt,https://www.mediamarkt.ch/de/product/_samsung-galaxy-z-flip5-2193034.html,new,2024-04-15,2193034,(57),4.5,12 MP,Auslieferung in bis zu 6 Werktagen
APPLE,iPhone 14 ,Smartphone,6.1,128 GB,Starlight,619.,mediamarkt,https://www.mediamarkt.ch/de/product/_apple-iphone-14-2151026.html,new,2024-04-15,2151026,(24),4.9,12 MP,Auslieferung in 1-2 Werktagen
APPLE,iPhone 13 ,Smartphone,6.1,128 GB,Blue,525.,mediamarkt,https://www.mediamarkt.ch/de/product/_apple-iphone-13-2091439.html,new,2024-04-15,2091439,(3),4.7,12 MP,Aktuell nicht lieferbar und kein Liefertermin vorhanden. Alle Angaben ohne Gewähr.
APPLE,iPhone 13 ,Smartphone,6.1,128 GB,Pink,525.,mediamarkt,https://www.mediamarkt.ch/de/product/_apple-iphone-13-2091433.html,new,2024-04-15,2091433,(2),5.0,12 MP,"Wir bestellen für Sie den Artikel direkt beim Lieferanten. Sobald der Artikel verfügbar ist, werden Sie per E-Mail informiert."
SAMSUNG,Galaxy S23+ ,Smartphone,6.6,256 GB,Phantom Black,699.,mediamarkt,https://www.mediamarkt.ch/de/product/_samsung-galaxy-s23-2167374.html,new,2024-04-15,2167374,(155),4.6,50 MP,Auslieferung in bis zu 6 Werktagen
APPLE,iPhone 15 ,Smartphone,6.1,128 GB,Green,719.,mediamarkt,https://www.mediamarkt.ch/de/product/_apple-iphone-15-2203375.html,new,2024-04-15,2203375,,5.0,48 MP,"Bestellbar, Auslieferung in 1-2 Werktagen"
APPLE,iPhone 14 ,Smartphone,6.1,128 GB,Blue,619.,mediamarkt,https://www.mediamarkt.ch/de/product/_apple-iphone-14-2151029.html,new,2024-04-15,2151029,(12),4.8,12 MP,Auslieferung in 1-2 Werktagen
SAMSUNG,Galaxy A54 5G ,Smartphone,6.4,128 GB,Awesome Lime,347.95,mediamarkt,https://www.mediamarkt.ch/de/product/_samsung-galaxy-a54-5g-2173979.html,new,2024-04-15,2173979,(320),4.4,50 MP,Auslieferung in 1-2 Werktagen
APPLE,iPhone 13 ,Smartphone,6.1,256 GB,Starlight,629.,mediamarkt,https://www.mediamarkt.ch/de/product/_apple-iphone-13-2091353.html,new,2024-04-15,2091353,(6),4.8,12 MP,Auslieferung in bis zu 6 Werktagen
SAMSUNG,Galaxy A55 5G ,Smartphone,6.6,256 GB,Awesome Iceblue,479.95,mediamarkt,https://www.mediamarkt.ch/de/product/_samsung-galaxy-a55-5g-2237093.html,new,2024-04-15,2237093,(0),,50 MP,Auslieferung in bis zu 6 Werktagen
XIAOMI,Redmi Note 13 5G ,Smartphone,6.67,256 GB,Graphite Black,254.95,mediamarkt,https://www.mediamarkt.ch/de/product/_xiaomi-redmi-note-13-5g-2220891.html,new,2024-04-15,2220891,(8),4.9,108 MP,Auslieferung in bis zu 6 Werktagen
SAMSUNG,Galaxy S23 ,Smartphone,6.1,128 GB,Phantom Black,629.,mediamarkt,https://www.mediamarkt.ch/de/product/_samsung-galaxy-s23-2167353.html,new,2024-04-15,2167353,(272),4.4,50 MP,"Bestellbar, Auslieferung in 1-2 Werktagen"
XIAOMI,Redmi Note 13 Pro+ 5G ,Smartphone,6.67,512 GB,Midnight Black,413.95,mediamarkt,https://www.mediamarkt.ch/de/product/_xiaomi-redmi-note-13-pro-5g-2220879.html,new,2024-04-15,2220879,(4),5.0,200 MP,Auslieferung in bis zu 6 Werktagen
APPLE,iPhone 15 Pro ,Smartphone,6.1,128 GB,White Titanium,929.,mediamarkt,https://www.mediamarkt.ch/de/product/_apple-iphone-15-pro-2203404.html,new,2024-04-15,2203404,(11),4.9,48 MP,Auslieferung in 1-2 Werktagen
APPLE,iPhone 15 Pro Max ,Smartphone,6.7,512 GB,Natural Titanium,1349.,mediamarkt,https://www.mediamarkt.ch/de/product/_apple-iphone-15-pro-max-2203433.html,new,2024-04-15,2203433,(6),5.0,48 MP,"Wir bestellen für Sie den Artikel direkt beim Lieferanten. Sobald der Artikel verfügbar ist, werden Sie per E-Mail informiert."
SAMSUNG,Galaxy S24 Ultra ,Smartphone,6.8,256 GB,Titanium Black,1179.,mediamarkt,https://www.mediamarkt.ch/de/product/_samsung-galaxy-s24-ultra-2220737.html,new,2024-04-15,2220737,(889),4.7,200 MP,Auslieferung in 1-2 Werktagen
SAMSUNG,Galaxy A55 5G ,Smartphone,6.6,128 GB,Awesome Navy,429.95,mediamarkt,https://www.mediamarkt.ch/de/product/_samsung-galaxy-a55-5g-2237050.html,new,2024-04-15,2237050,(0),,50 MP,Auslieferung in 1-4 Werktagen
NOTHING,phone (2a) ,Smartphone,6.7,128 GB,Weiss,329.95,mediamarkt,https://www.mediamarkt.ch/de/product/_nothing-phone-2a-2223932.html,new,2024-04-15,2223932,(0),,50 MP,"Wir bestellen für Sie den Artikel direkt beim Lieferanten. Sobald der Artikel verfügbar ist, werden Sie per E-Mail informiert."
SAMSUNG,Galaxy S23 ,Smartphone,6.1,256 GB,Green,691.,mediamarkt,https://www.mediamarkt.ch/de/product/_samsung-galaxy-s23-2167361.html,new,2024-04-15,2167361,(274),4.4,50 MP,Auslieferung in 1-2 Werktagen
SAMSUNG,Galaxy S24+ ,Smartphone,6.7,256 GB,Onyx Black,914.,mediamarkt,https://www.mediamarkt.ch/de/product/_samsung-galaxy-s24-2220719.html,new,2024-04-15,2220719,(210),4.5,50 MP,"Wir bestellen für Sie den Artikel direkt beim Lieferanten. Sobald der Artikel verfügbar ist, werden Sie per E-Mail informiert."
APPLE,iPhone 15 Plus ,Smartphone,6.7,128 GB,Black,849.,mediamarkt,https://www.mediamarkt.ch/de/product/_apple-iphone-15-plus-2203388.html,new,2024-04-15,2203388,(4),3.3,48 MP,"Wir bestellen für Sie den Artikel direkt beim Lieferanten. Sobald der Artikel verfügbar ist, werden Sie per E-Mail informiert."
APPLE,iPhone 15 Pro Max ,Smartphone,6.7,512 GB,White Titanium,1349.,mediamarkt,https://www.mediamarkt.ch/de/product/_apple-iphone-15-pro-max-2203432.html,new,2024-04-15,2203432,(0),,48 MP,Aktuell nicht lieferbar und kein Liefertermin vorhanden. Alle Angaben ohne Gewähr.
APPLE,iPhone 11 (2020) ,Smartphone,6.1,128 GB,White,497.95,mediamarkt,https://www.mediamarkt.ch/de/product/_apple-iphone-11-2020-2028729.html,new,2024-04-15,2028729,(16),4.8,12 MP,Auslieferung in 1-2 Werktagen
APPLE,iPhone 15 ,Smartphone,6.1,256 GB,Green,819.,mediamarkt,https://www.mediamarkt.ch/de/product/_apple-iphone-15-2203381.html,new,2024-04-15,2203381,(1),5.0,48 MP,"Bestellbar, Auslieferung in 1-2 Werktagen"
SAMSUNG,Galaxy A54 5G ,Smartphone,6.4,128 GB,Awesome Graphite,347.95,mediamarkt,https://www.mediamarkt.ch/de/product/_samsung-galaxy-a54-5g-2173981.html,new,2024-04-15,2173981,(326),4.4,50 MP,"Bestellbar, Auslieferung in 1-2 Werktagen"
NOTHING,phone (2) ,Smartphone,6.7,256 GB,Grau,549.,mediamarkt,https://www.mediamarkt.ch/de/product/_nothing-phone-2-2189932.html,new,2024-04-15,2189932,(3),4.3,50 MP,Auslieferung in bis zu 6 Werktagen
APPLE,iPhone 15 Pro ,Smartphone,6.1,512 GB,Black Titanium,1228.,mediamarkt,https://www.mediamarkt.ch/de/product/_apple-iphone-15-pro-2203413.html,new,2024-04-15,2203413,,4.3,48 MP,Auslieferung in bis zu 7 Werktagen
SAMSUNG,Galaxy A15 4G ,Smartphone,6.5,128 GB,Yellow,169.,mediamarkt,https://www.mediamarkt.ch/de/product/_samsung-galaxy-a15-4g-2221379.html,new,2024-04-15,2221379,(0),,50 MP,"Bestellbar, Auslieferung in 1-2 Werktagen"
NOTHING,phone (2a) ,Smartphone,6.7,256 GB,Weiss,378.95,mediamarkt,https://www.mediamarkt.ch/de/product/_nothing-phone-2a-2223929.html,new,2024-04-15,2223929,(1),5.0,50 MP,Das Produkt ist online ausverkauft.
APPLE,iPhone 14 Plus ,Smartphone,6.7,256 GB,Starlight,829.,mediamarkt,https://www.mediamarkt.ch/de/product/_apple-iphone-14-plus-2151046.html,new,2024-04-15,2151046,(3),5.0,12 MP,Auslieferung in bis zu 7 Werktagen
SAMSUNG,Galaxy A34 5G ,Smartphone,6.6,256 GB,Awesome Silver,309.70,mediamarkt,https://www.mediamarkt.ch/de/product/_samsung-galaxy-a34-5g-2176866.html,new,2024-04-15,2176866,(217),4.3,48 MP,Auslieferung in 1-2 Werktagen
APPLE,iPhone 14 ,Smartphone,6.1,256 GB,Midnight,720.,mediamarkt,https://www.mediamarkt.ch/de/product/_apple-iphone-14-2151030.html,new,2024-04-15,2151030,,5.0,12 MP,Auslieferung in 1-2 Werktagen
SAMSUNG,Galaxy S24 Ultra ,Smartphone,6.8,512 GB,Titanium Violet,1399.,mediamarkt,https://www.mediamarkt.ch/de/product/_samsung-galaxy-s24-ultra-2220735.html,new,2024-04-15,2220735,(888),4.7,200 MP,"Wir bestellen für Sie den Artikel direkt beim Lieferanten. Sobald der Artikel verfügbar ist, werden Sie per E-Mail informiert."
SAMSUNG,Galaxy S23 Ultra ,Smartphone,6.8,512 GB,Green,957.,mediamarkt,https://www.mediamarkt.ch/de/product/_samsung-galaxy-s23-ultra-2167389.html,new,2024-04-15,2167389,(613),4.6,200 MP,Auslieferung in 1-2 Werktagen
SAMSUNG,Galaxy S24 Ultra ,Smartphone,6.8,512 GB,Titanium Grey,1399.,mediamarkt,https://www.mediamarkt.ch/de/product/_samsung-galaxy-s24-ultra-2220734.html,new,2024-04-15,2220734,(888),4.7,200 MP,"Wir bestellen für Sie den Artikel direkt beim Lieferanten. Sobald der Artikel verfügbar ist, werden Sie per E-Mail informiert."
SAMSUNG,Galaxy A55 5G ,Smartphone,6.6,256 GB,Awesome Lemon,479.95,mediamarkt,https://www.mediamarkt.ch/de/product/_samsung-galaxy-a55-5g-2237094.html,new,2024-04-15,2237094,(0),,50 MP,Auslieferung in bis zu 6 Werktagen
SAMSUNG,Galaxy A55 5G ,Smartphone,6.6,128 GB,Awesome Lilac,429.,mediamarkt,https://www.mediamarkt.ch/de/product/_samsung-galaxy-a55-5g-2237051.html,new,2024-04-15,2237051,(0),,50 MP,Auslieferung in 1-2 Werktagen
SAMSUNG,Galaxy Z Flip5 ,Smartphone,6.7,512 GB,Cream,1118.,mediamarkt,https://www.mediamarkt.ch/de/product/_samsung-galaxy-z-flip5-2193033.html,new,2024-04-15,2193033,(56),4.6,12 MP,Auslieferung in 1-2 Werktagen
NOTHING,phone (2a) ,Smartphone,6.7,128 GB,Schwarz,329.95,mediamarkt,https://www.mediamarkt.ch/de/product/_nothing-phone-2a-2223930.html,new,2024-04-15,2223930,(0),,50 MP,Auslieferung in 1-2 Werktagen
SAMSUNG,Galaxy A25 5G ,Smartphone,6.5,128 GB,Blue Black,259.95,mediamarkt,https://www.mediamarkt.ch/de/product/_samsung-galaxy-a25-5g-2216505.html,new,2024-04-15,2216505,(6),4.7,50 MP,"Bestellbar, Auslieferung in 1-2 Werktagen"
APPLE,iPhone 14 ,Smartphone,6.1,256 GB,Blue,729.,mediamarkt,https://www.mediamarkt.ch/de/product/_apple-iphone-14-2151034.html,new,2024-04-15,2151034,(7),5.0,12 MP,Auslieferung in 1-2 Werktagen
XIAOMI,Redmi Note 13 Pro+ 5G ,Smartphone,6.67,256 GB,Midnight Black,381.95,mediamarkt,https://www.mediamarkt.ch/de/product/_xiaomi-redmi-note-13-pro-5g-2220882.html,new,2024-04-15,2220882,(0),,200 MP,Auslieferung in bis zu 7 Werktagen
XIAOMI,Redmi Note 13 5G ,Smartphone,6.67,256 GB,Arctic White,265.95,mediamarkt,https://www.mediamarkt.ch/de/product/_xiaomi-redmi-note-13-5g-2220893.html,new,2024-04-15,2220893,(1),5.0,108 MP,Auslieferung in bis zu 7 Werktagen
XIAOMI,Redmi Note 13 4G ,Smartphone,6.67,128 GB,Midnight Black,169.,mediamarkt,https://www.mediamarkt.ch/de/product/_xiaomi-redmi-note-13-4g-2220885.html,new,2024-04-15,2220885,(7),3.7,108 MP,Auslieferung in 1-2 Werktagen
XIAOMI,Redmi Note 13 4G ,Smartphone,6.67,128 GB,Mint Green,178.95,mediamarkt,https://www.mediamarkt.ch/de/product/_xiaomi-redmi-note-13-4g-2220886.html,new,2024-04-15,2220886,(3),4.7,108 MP,Auslieferung in bis zu 7 Werktagen
APPLE,iPhone 15 Pro ,Smartphone,6.1,512 GB,Blue Titanium,1242.,mediamarkt,https://www.mediamarkt.ch/de/product/_apple-iphone-15-pro-2203417.html,new,2024-04-15,2203417,(4),4.8,48 MP,Aktuell nicht lieferbar und kein Liefertermin vorhanden. Alle Angaben ohne Gewähr.
APPLE,iPhone 12 ,Smartphone,6.1,64 GB,Black,479.95,mediamarkt,https://www.mediamarkt.ch/de/product/_apple-iphone-12-2028624.html,new,2024-04-15,2028624,(19),4.5,12 MP,Auslieferung in 1-2 Werktagen
SAMSUNG,Galaxy S24 ,Smartphone,6.2,128 GB,Cobalt Violet,749.,mediamarkt,https://www.mediamarkt.ch/de/product/_samsung-galaxy-s24-2220729.html,new,2024-04-15,2220729,(295),4.5,50 MP,Auslieferung in 1-2 Werktagen
SAMSUNG,Galaxy S24 Ultra ,Smartphone,6.8,512 GB,Titanium Black,1399.,mediamarkt,https://www.mediamarkt.ch/de/product/_samsung-galaxy-s24-ultra-2220733.html,new,2024-04-15,2220733,(889),4.7,200 MP,Auslieferung in bis zu 6 Werktagen
SAMSUNG,Galaxy S24 Ultra ,Smartphone,6.8,256 GB,Titanium Yellow,1179.,mediamarkt,https://www.mediamarkt.ch/de/product/_samsung-galaxy-s24-ultra-2220740.html,new,2024-04-15,2220740,(888),4.7,200 MP,"Bestellbar, Auslieferung in 1-2 Werktagen"
SAMSUNG,Galaxy A55 5G ,Smartphone,6.6,128 GB,Awesome Iceblue,429.,mediamarkt,https://www.mediamarkt.ch/de/product/_samsung-galaxy-a55-5g-2237049.html,new,2024-04-15,2237049,(0),,50 MP,"Bestellbar, Auslieferung in 1-2 Werktagen"
SAMSUNG,Galaxy A35 5G ,Smartphone,6.6,128 GB,Awesome Navy,359.95,mediamarkt,https://www.mediamarkt.ch/de/product/_samsung-galaxy-a35-5g-2237046.html,new,2024-04-15,2237046,(0),,50 MP,Auslieferung in 1-4 Werktagen
SAMSUNG,Galaxy S24+ ,Smartphone,6.7,256 GB,Cobalt Violet,919.,mediamarkt,https://www.mediamarkt.ch/de/product/_samsung-galaxy-s24-2220721.html,new,2024-04-15,2220721,(210),4.5,50 MP,Auslieferung in bis zu 7 Werktagen
XIAOMI,Redmi 9A ,Smartphone,6.53,32 GB,Granite Grey,79.95,mediamarkt,https://www.mediamarkt.ch/de/product/_xiaomi-redmi-9a-2012628.html,new,2024-04-15,2012628,(17),4.2,13 MP,"Bestellbar, Auslieferung in 1-2 Werktagen"
XIAOMI,14 + Electric Scooter 4 Lite Swiss Edition Bundle ,Smartphone,6.36,512 GB,Jade Green,1099.,mediamarkt,https://www.mediamarkt.ch/de/product/_xiaomi-14-electric-scooter-4-lite-swiss-edition-bundle-2238859.html,new,2024-04-15,2238859,(0),,50 MP,Auslieferung in bis zu 7 Werktagen
XIAOMI,Redmi 13C ,Smartphone,6.74,128 GB,Clover Green,133.95,mediamarkt,https://www.mediamarkt.ch/de/product/_xiaomi-redmi-13c-2219844.html,new,2024-04-15,2219844,(1),4.0,50 MP,Auslieferung in bis zu 7 Werktagen
APPLE,iPhone 15 Pro Max ,Smartphone,6.7,1 TB,Black Titanium,1556.,mediamarkt,https://www.mediamarkt.ch/de/product/_apple-iphone-15-pro-max-2203435.html,new,2024-04-15,2203435,(0),,48 MP,"Wir bestellen für Sie den Artikel direkt beim Lieferanten. Sobald der Artikel verfügbar ist, werden Sie per E-Mail informiert."
XIAOMI,Redmi A2 ,Smartphone,6.52,32 GB,Hellgrün,88.95,mediamarkt,https://www.mediamarkt.ch/de/product/_xiaomi-redmi-a2-2178002.html,new,2024-04-15,2178002,(10),4.5,8 MP,Aktuell nicht lieferbar und kein Liefertermin vorhanden. Alle Angaben ohne Gewähr.
SAMSUNG,Galaxy A25 5G ,Smartphone,6.5,128 GB,Blue,269.95,mediamarkt,https://www.mediamarkt.ch/de/product/_samsung-galaxy-a25-5g-2216496.html,new,2024-04-15,2216496,(6),4.7,50 MP,Auslieferung in 1-2 Werktagen
SAMSUNG,Galaxy S23 FE ,Smartphone,6.4,256 GB,Graphite,629.,mediamarkt,https://www.mediamarkt.ch/de/product/_samsung-galaxy-s23-fe-2216487.html,new,2024-04-15,2216487,(2),3.0,50 MP,Auslieferung in 1-2 Werktagen
NOTHING,phone (2) ,Smartphone,6.7,256 GB,Weiss,549.,mediamarkt,https://www.mediamarkt.ch/de/product/_nothing-phone-2-2189933.html,new,2024-04-15,2189933,(1),5.0,50 MP,Auslieferung in 1-4 Werktagen
MOTOROLA,Moto G54 5G ,Smartphone,6.5,256 GB,Midnight Blue,178.95,mediamarkt,https://www.mediamarkt.ch/de/product/_motorola-moto-g54-5g-2216177.html,new,2024-04-15,2216177,(21),4.9,50 MP,"Bestellbar, Auslieferung in 1-2 Werktagen"
APPLE,iPhone SE (2022) ,Smartphone,4.7,64 GB,"64 GB, (PRODUCT)RED",383.95,mediamarkt,https://www.mediamarkt.ch/de/product/_apple-iphone-se-2022-2118899.html,new,2024-04-15,2118899,(3),5.0,12 MP,Auslieferung in bis zu 6 Werktagen
APPLE,iPhone 13 ,Smartphone,6.1,256 GB,Green,629.,mediamarkt,https://www.mediamarkt.ch/de/product/_apple-iphone-13-2118878.html,new,2024-04-15,2118878,(1),5.0,12 MP,Auslieferung in bis zu 7 Werktagen
APPLE,iPhone 15 Plus ,Smartphone,6.7,256 GB,Black,949.,mediamarkt,https://www.mediamarkt.ch/de/product/_apple-iphone-15-plus-2203393.html,new,2024-04-15,2203393,(1),5.0,48 MP,"Wir bestellen für Sie den Artikel direkt beim Lieferanten. Sobald der Artikel verfügbar ist, werden Sie per E-Mail informiert."
APPLE,iPhone 15 Plus ,Smartphone,6.7,256 GB,Green,929.,mediamarkt,https://www.mediamarkt.ch/de/product/_apple-iphone-15-plus-2203397.html,new,2024-04-15,2203397,(0),,48 MP,Auslieferung in bis zu 6 Werktagen
SAMSUNG,Galaxy S23 ,Smartphone,6.1,128 GB,Green,616.,mediamarkt,https://www.mediamarkt.ch/de/product/_samsung-galaxy-s23-2167347.html,new,2024-04-15,2167347,,4.4,50 MP,Das Produkt ist online ausverkauft.
SAMSUNG,Galaxy S24+ ,Smartphone,6.7,512 GB,Marble Grey,1149.,mediamarkt,https://www.mediamarkt.ch/de/product/_samsung-galaxy-s24-2220716.html,new,2024-04-15,2220716,(210),4.5,50 MP,Auslieferung in 1-2 Werktagen
SAMSUNG,Galaxy S23 Ultra ,Smartphone,6.8,256 GB,Green,767.,mediamarkt,https://www.mediamarkt.ch/de/product/_samsung-galaxy-s23-ultra-2167382.html,new,2024-04-15,2167382,(605),4.6,200 MP,Das Produkt ist online ausverkauft.
XIAOMI,14 + Electric Scooter 4 Lite Swiss Edition Bundle ,Smartphone,6.36,512 GB,Black,998.,mediamarkt,https://www.mediamarkt.ch/de/product/_xiaomi-14-electric-scooter-4-lite-swiss-edition-bundle-2238856.html,new,2024-04-15,2238856,(0),,50 MP,Auslieferung in bis zu 7 Werktagen
DORO,6820 ,Klapphandy,,,DORO 6820 - Klapphandy (Rot/Weiss,90.95,mediamarkt,https://www.mediamarkt.ch/de/product/_doro-6820-2119154.html,new,2024-04-15,2119154,(1),3.0,2 MP,Auslieferung in bis zu 7 Werktagen
XIAOMI,Redmi 13C ,Smartphone,6.74,128 GB,Navy Blue,126.95,mediamarkt,https://www.mediamarkt.ch/de/product/_xiaomi-redmi-13c-2219839.html,new,2024-04-15,2219839,(3),5.0,50 MP,"Wir bestellen für Sie den Artikel direkt beim Lieferanten. Sobald der Artikel verfügbar ist, werden Sie per E-Mail informiert."
NOTHING,phone (2a) ,Smartphone,6.7,256 GB,Schwarz,379.95,mediamarkt,https://www.mediamarkt.ch/de/product/_nothing-phone-2a-2223927.html,new,2024-04-15,2223927,(1),5.0,50 MP,Das Produkt ist online ausverkauft.
MOTOROLA,Moto G13 ,Smartphone,6.5,128 GB,Matte Charcoal,129.95,mediamarkt,https://www.mediamarkt.ch/de/product/_motorola-moto-g13-2180586.html,new,2024-04-15,2180586,(15),5.0,50 MP,Auslieferung in 1-4 Werktagen
APPLE,iPhone 13 ,Smartphone,6.1,256 GB,Midnight,649.,mediamarkt,https://www.mediamarkt.ch/de/product/_apple-iphone-13-2091349.html,new,2024-04-15,2091349,(14),4.9,12 MP,Auslieferung in 1-4 Werktagen
XIAOMI,Redmi 12 ,Smartphone,6.79,128 GB,Midnight Black,144.95,mediamarkt,https://www.mediamarkt.ch/de/product/_xiaomi-redmi-12-2203274.html,new,2024-04-15,2203274,(22),4.0,50 MP,"Bestellbar, Auslieferung in 1-2 Werktagen"
SAMSUNG,Galaxy S24 ,Smartphone,6.2,128 GB,Marble Grey,749.,mediamarkt,https://www.mediamarkt.ch/de/product/_samsung-galaxy-s24-2220728.html,new,2024-04-15,2220728,(295),4.5,50 MP,"Bestellbar, Auslieferung in 1-2 Werktagen"
APPLE,iPhone 15 Pro Max ,Smartphone,6.7,1 TB,Natural Titanium,1563.,mediamarkt,https://www.mediamarkt.ch/de/product/_apple-iphone-15-pro-max-2203440.html,new,2024-04-15,2203440,(0),,48 MP,Aktuell nicht lieferbar und kein Liefertermin vorhanden. Alle Angaben ohne Gewähr.
APPLE,iPhone SE (2022) ,Smartphone,4.7,64 GB,Starlight,383.95,mediamarkt,https://www.mediamarkt.ch/de/product/_apple-iphone-se-2022-2118898.html,new,2024-04-15,2118898,,5.0,12 MP,Auslieferung in bis zu 6 Werktagen
APPLE,iPhone 15 Plus ,Smartphone,6.7,128 GB,Blue,847.,mediamarkt,https://www.mediamarkt.ch/de/product/_apple-iphone-15-plus-2203391.html,new,2024-04-15,2203391,(6),5.0,48 MP,"Wir bestellen für Sie den Artikel direkt beim Lieferanten. Sobald der Artikel verfügbar ist, werden Sie per E-Mail informiert."
SAMSUNG,XCover6 Pro Enterprise Edition ,Smartphone,6.6,128 GB,Schwarz,412.95,mediamarkt,https://www.mediamarkt.ch/de/product/_samsung-xcover6-pro-enterprise-edition-2140676.html,new,2024-04-15,2140676,(2),3.0,50 MP,"Wir bestellen für Sie den Artikel direkt beim Lieferanten. Sobald der Artikel verfügbar ist, werden Sie per E-Mail informiert."
SAMSUNG,Galaxy S24 Ultra ,Smartphone,6.8,512 GB,Titanium Yellow,1399.,mediamarkt,https://www.mediamarkt.ch/de/product/_samsung-galaxy-s24-ultra-2220736.html,new,2024-04-15,2220736,(888),4.7,200 MP,Auslieferung in bis zu 7 Werktagen
SAMSUNG,Galaxy S24 Ultra ,Smartphone,6.8,1 TB,Titanium Grey,1599.,mediamarkt,https://www.mediamarkt.ch/de/product/_samsung-galaxy-s24-ultra-2220714.html,new,2024-04-15,2220714,(888),4.7,200 MP,Auslieferung in 1-2 Werktagen
SAMSUNG,Galaxy A35 5G ,Smartphone,6.6,128 GB,Awesome Iceblue,359.,mediamarkt,https://www.mediamarkt.ch/de/product/_samsung-galaxy-a35-5g-2237045.html,new,2024-04-15,2237045,(0),,50 MP,Auslieferung in 1-4 Werktagen
SAMSUNG,Galaxy A35 5G ,Smartphone,6.6,128 GB,Awesome Lilac,359.,mediamarkt,https://www.mediamarkt.ch/de/product/_samsung-galaxy-a35-5g-2237047.html,new,2024-04-15,2237047,(0),,50 MP,Auslieferung in 1-4 Werktagen
XIAOMI,Redmi 13C ,Smartphone,6.74,256 GB,Clover Green,152.95,mediamarkt,https://www.mediamarkt.ch/de/product/_xiaomi-redmi-13c-2219847.html,new,2024-04-15,2219847,(0),,50 MP,Auslieferung in bis zu 7 Werktagen
FAIRPHONE,5 5G ,Smartphone,6.46,256 GB,Matte Black,610.,mediamarkt,https://www.mediamarkt.ch/de/product/_fairphone-5-5g-2195005.html,new,2024-04-15,2195005,(4),4.3,50 MP,Auslieferung in 1-2 Werktagen
APPLE,iPhone 14 Plus ,Smartphone,6.7,128 GB,Purple,729.,mediamarkt,https://www.mediamarkt.ch/de/product/_apple-iphone-14-plus-2151042.html,new,2024-04-15,2151042,(7),5.0,12 MP,Auslieferung in 1-2 Werktagen
APPLE,iPhone 14 Plus ,Smartphone,6.7,128 GB,Starlight,729.,mediamarkt,https://www.mediamarkt.ch/de/product/_apple-iphone-14-plus-2151041.html,new,2024-04-15,2151041,(5),5.0,12 MP,Auslieferung in bis zu 7 Werktagen
APPLE,iPhone 14 Plus ,Smartphone,6.7,128 GB,Midnight,729.,mediamarkt,https://www.mediamarkt.ch/de/product/_apple-iphone-14-plus-2151040.html,new,2024-04-15,2151040,(5),4.8,12 MP,Auslieferung in 1-2 Werktagen
APPLE,iPhone 13 ,Smartphone,6.1,256 GB,Blue,642.,mediamarkt,https://www.mediamarkt.ch/de/product/_apple-iphone-13-2091358.html,new,2024-04-15,2091358,(11),5.0,12 MP,"Wir bestellen für Sie den Artikel direkt beim Lieferanten. Sobald der Artikel verfügbar ist, werden Sie per E-Mail informiert."
XIAOMI,Redmi Note 13 Pro 4G ,Smartphone,6.67,256 GB,Midnight Black,296.95,mediamarkt,https://www.mediamarkt.ch/de/product/_xiaomi-redmi-note-13-pro-4g-2220894.html,new,2024-04-15,2220894,(2),3.0,200 MP,"Wir bestellen für Sie den Artikel direkt beim Lieferanten. Sobald der Artikel verfügbar ist, werden Sie per E-Mail informiert."
XIAOMI,Redmi Note 13 Pro 4G ,Smartphone,6.67,256 GB,Forest Green,296.95,mediamarkt,https://www.mediamarkt.ch/de/product/_xiaomi-redmi-note-13-pro-4g-2220895.html,new,2024-04-15,2220895,(1),5.0,200 MP,Auslieferung in bis zu 7 Werktagen
SAMSUNG,Galaxy S23+ ,Smartphone,6.6,256 GB,Green,699.,mediamarkt,https://www.mediamarkt.ch/de/product/_samsung-galaxy-s23-2167371.html,new,2024-04-15,2167371,,4.6,50 MP,"Bestellbar, Auslieferung in 1-2 Werktagen"
APPLE,iPhone 15 Pro ,Smartphone,6.1,512 GB,White Titanium,1253.,mediamarkt,https://www.mediamarkt.ch/de/product/_apple-iphone-15-pro-2203414.html,new,2024-04-15,2203414,(0),,48 MP,Aktuell nicht lieferbar und kein Liefertermin vorhanden. Alle Angaben ohne Gewähr.
APPLE,iPhone 15 Pro ,Smartphone,6.1,1 TB,Black Titanium,1459.,mediamarkt,https://www.mediamarkt.ch/de/product/_apple-iphone-15-pro-2203418.html,new,2024-04-15,2203418,(1),5.0,48 MP,Aktuell nicht lieferbar und kein Liefertermin vorhanden. Alle Angaben ohne Gewähr.
APPLE,iPhone 15 Plus ,Smartphone,6.7,256 GB,Pink,948.,mediamarkt,https://www.mediamarkt.ch/de/product/_apple-iphone-15-plus-2203394.html,new,2024-04-15,2203394,(2),5.0,48 MP,"Wir bestellen für Sie den Artikel direkt beim Lieferanten. Sobald der Artikel verfügbar ist, werden Sie per E-Mail informiert."
APPLE,iPhone 13 ,Smartphone,6.1,128 GB,"128 GB, (PRODUCT)RED",525.,mediamarkt,https://www.mediamarkt.ch/de/product/_apple-iphone-13-2091436.html,new,2024-04-15,2091436,(5),4.8,12 MP,Auslieferung in bis zu 7 Werktagen
APPLE,iPhone 15 Plus ,Smartphone,6.7,256 GB,Yellow,949.,mediamarkt,https://www.mediamarkt.ch/de/product/_apple-iphone-15-plus-2203395.html,new,2024-04-15,2203395,(0),,48 MP,Auslieferung in 1-4 Werktagen
SAMSUNG,Galaxy S23 ,Smartphone,6.1,256 GB,Lavender,699.,mediamarkt,https://www.mediamarkt.ch/de/product/_samsung-galaxy-s23-2167363.html,new,2024-04-15,2167363,(273),4.4,50 MP,Auslieferung in bis zu 6 Werktagen
SAMSUNG,Galaxy S24+ ,Smartphone,6.7,512 GB,Onyx Black,1149.,mediamarkt,https://www.mediamarkt.ch/de/product/_samsung-galaxy-s24-2220715.html,new,2024-04-15,2220715,(211),4.5,50 MP,Auslieferung in bis zu 6 Werktagen
SAMSUNG,Galaxy S24 Ultra ,Smartphone,6.8,256 GB,Titanium Violet,1179.,mediamarkt,https://www.mediamarkt.ch/de/product/_samsung-galaxy-s24-ultra-2220739.html,new,2024-04-15,2220739,(888),4.7,200 MP,Auslieferung in 1-2 Werktagen
SAMSUNG,Galaxy S23 Ultra ,Smartphone,6.8,256 GB,Phantom Black,847.,mediamarkt,https://www.mediamarkt.ch/de/product/_samsung-galaxy-s23-ultra-2167385.html,new,2024-04-15,2167385,(607),4.6,200 MP,Das Produkt ist online ausverkauft.
SAMSUNG,Galaxy S24 Ultra ,Smartphone,6.8,256 GB,Titanium Grey,1179.,mediamarkt,https://www.mediamarkt.ch/de/product/_samsung-galaxy-s24-ultra-2220738.html,new,2024-04-15,2220738,(888),4.7,200 MP,"Bestellbar, Auslieferung in 1-2 Werktagen"
SAMSUNG,Galaxy A35 5G ,Smartphone,6.6,256 GB,Awesome Lemon,419.95,mediamarkt,https://www.mediamarkt.ch/de/product/_samsung-galaxy-a35-5g-2242305.html,new,2024-04-15,2242305,(1),5.0,50 MP,Auslieferung in bis zu 10 Werktagen
SAMSUNG,Galaxy S23 Ultra ,Smartphone,6.8,256 GB,Cream,867.,mediamarkt,https://www.mediamarkt.ch/de/product/_samsung-galaxy-s23-ultra-2167380.html,new,2024-04-15,2167380,,4.6,200 MP,Das Produkt ist online ausverkauft.
SAMSUNG,Galaxy A35 5G ,Smartphone,6.6,256 GB,Awesome Navy,412.95,mediamarkt,https://www.mediamarkt.ch/de/product/_samsung-galaxy-a35-5g-2242341.html,new,2024-04-15,2242341,(0),,50 MP,Auslieferung in bis zu 10 Werktagen
SAMSUNG,Galaxy A35 5G ,Smartphone,6.6,256 GB,Awesome Lilac,389.95,mediamarkt,https://www.mediamarkt.ch/de/product/_samsung-galaxy-a35-5g-2242333.html,new,2024-04-15,2242333,(0),,50 MP,Auslieferung in bis zu 10 Werktagen
XIAOMI,Redmi Note 13 4G ,Smartphone,6.67,256 GB,Midnight Black,222.95,mediamarkt,https://www.mediamarkt.ch/de/product/_xiaomi-redmi-note-13-4g-2220888.html,new,2024-04-15,2220888,(0),,108 MP,Auslieferung in bis zu 6 Werktagen
XIAOMI,Redmi 13C ,Smartphone,6.74,256 GB,Midnight Black,152.95,mediamarkt,https://www.mediamarkt.ch/de/product/_xiaomi-redmi-13c-2219846.html,new,2024-04-15,2219846,(0),,50 MP,Auslieferung in 1-2 Werktagen
SAMSUNG,Galaxy A54 5G ,Smartphone,6.4,128 GB,Awesome Violet,347.95,mediamarkt,https://www.mediamarkt.ch/de/product/_samsung-galaxy-a54-5g-2173982.html,new,2024-04-15,2173982,(319),4.4,50 MP,Auslieferung in 1-4 Werktagen
FAIRPHONE,5 5G ,Smartphone,6.46,256 GB,Transparent Edition,606.,mediamarkt,https://www.mediamarkt.ch/de/product/_fairphone-5-5g-2195008.html,new,2024-04-15,2195008,(4),4.8,50 MP,Auslieferung in 1-2 Werktagen
EMPORIA,TOUCHsmart.2 ,Smartphone,,,EMPORIA TOUCHsmart.2 - Smartphone (Schwarz/Silber,114.95,mediamarkt,https://www.mediamarkt.ch/de/product/_emporia-touchsmart-2-2110132.html,new,2024-04-15,2110132,(8),2.5,8 MP,Auslieferung in 1-2 Werktagen
APPLE,iPhone 14 Plus ,Smartphone,6.7,256 GB,Purple,829.,mediamarkt,https://www.mediamarkt.ch/de/product/_apple-iphone-14-plus-2151047.html,new,2024-04-15,2151047,(2),5.0,12 MP,"Wir bestellen für Sie den Artikel direkt beim Lieferanten. Sobald der Artikel verfügbar ist, werden Sie per E-Mail informiert."
APPLE,iPhone 15 Pro Max ,Smartphone,6.7,1 TB,White Titanium,1582.,mediamarkt,https://www.mediamarkt.ch/de/product/_apple-iphone-15-pro-max-2203439.html,new,2024-04-15,2203439,(2),5.0,48 MP,Aktuell nicht lieferbar und kein Liefertermin vorhanden. Alle Angaben ohne Gewähr.
SAMSUNG,Galaxy XCover 5 Enterprise Edition ,Smartphone,5.3,64 GB,Schwarz,206.,mediamarkt,https://www.mediamarkt.ch/de/product/_samsung-galaxy-xcover-5-enterprise-edition-2060202.html,new,2024-04-15,2060202,(18),3.3,16 MP,Auslieferung in 1-2 Werktagen
APPLE,iPhone 14 Plus ,Smartphone,6.7,512 GB,Midnight,1026.,mediamarkt,https://www.mediamarkt.ch/de/product/_apple-iphone-14-plus-2151050.html,new,2024-04-15,2151050,(3),3.7,12 MP,Aktuell nicht lieferbar und kein Liefertermin vorhanden. Alle Angaben ohne Gewähr.
RUGGEAR,RG360 ,Smartphone,,8 GB,Schwarz,121.95,mediamarkt,https://www.mediamarkt.ch/de/product/_ruggear-rg360-2053578.html,new,2024-04-15,2053578,(0),,2 MP,Auslieferung in bis zu 7 Werktagen
APPLE,iPhone 14 ,Smartphone,6.1,256 GB,Purple,729.,mediamarkt,https://www.mediamarkt.ch/de/product/_apple-iphone-14-2151032.html,new,2024-04-15,2151032,(5),5.0,12 MP,"Bestellbar, Auslieferung in 1-2 Werktagen"
APPLE,iPhone 14 ,Smartphone,6.1,256 GB,Starlight,729.,mediamarkt,https://www.mediamarkt.ch/de/product/_apple-iphone-14-2151031.html,new,2024-04-15,2151031,(5),5.0,12 MP,Auslieferung in 1-2 Werktagen
APPLE,iPhone 14 ,Smartphone,6.1,128 GB,Yellow,619.,mediamarkt,https://www.mediamarkt.ch/de/product/_apple-iphone-14-2176808.html,new,2024-04-15,2176808,(13),4.8,12 MP,"Wir bestellen für Sie den Artikel direkt beim Lieferanten. Sobald der Artikel verfügbar ist, werden Sie per E-Mail informiert."
APPLE,iPhone 14 Plus ,Smartphone,6.7,128 GB,Yellow,729.,mediamarkt,https://www.mediamarkt.ch/de/product/_apple-iphone-14-plus-2176811.html,new,2024-04-15,2176811,(4),5.0,12 MP,Aktuell nicht lieferbar und kein Liefertermin vorhanden. Alle Angaben ohne Gewähr.
INOI,A63 ,Smartphone,6.5,32 GB,Schwarz,93.95,mediamarkt,https://www.mediamarkt.ch/de/product/_inoi-a63-2190687.html,new,2024-04-15,2190687,(1),5.0,13 MP,"Bestellbar, Auslieferung in 1-2 Werktagen"
XIAOMI,Redmi Note 13 Pro 5G ,Smartphone,6.67,256 GB,Midnight Black,349.95,mediamarkt,https://www.mediamarkt.ch/de/product/_xiaomi-redmi-note-13-pro-5g-2220897.html,new,2024-04-15,2220897,(5),4.0,200 MP,Auslieferung in 1-2 Werktagen
NOTHING,phone (2) ,Smartphone,6.7,512 GB,Weiss,649.,mediamarkt,https://www.mediamarkt.ch/de/product/_nothing-phone-2-2189935.html,new,2024-04-15,2189935,(1),5.0,50 MP,"Wir bestellen für Sie den Artikel direkt beim Lieferanten. Sobald der Artikel verfügbar ist, werden Sie per E-Mail informiert."
SAMSUNG,Galaxy S23+ ,Smartphone,6.6,256 GB,Lavender,699.,mediamarkt,https://www.mediamarkt.ch/de/product/_samsung-galaxy-s23-2167373.html,new,2024-04-15,2167373,(155),4.6,50 MP,Auslieferung in bis zu 10 Werktagen
SAMSUNG,Galaxy S24 ,Smartphone,6.2,256 GB,Amber Yellow,899.,mediamarkt,https://www.mediamarkt.ch/de/product/_samsung-galaxy-s24-2220726.html,new,2024-04-15,2220726,(295),4.5,50 MP,Auslieferung in 1-2 Werktagen
SAMSUNG,Galaxy S23+ ,Smartphone,6.6,256 GB,Cream,699.,mediamarkt,https://www.mediamarkt.ch/de/product/_samsung-galaxy-s23-2167370.html,new,2024-04-15,2167370,(154),4.6,50 MP,"Bestellbar, Auslieferung in 1-2 Werktagen"
SAMSUNG,Galaxy S24 ,Smartphone,6.2,256 GB,Marble Grey,899.,mediamarkt,https://www.mediamarkt.ch/de/product/_samsung-galaxy-s24-2220724.html,new,2024-04-15,2220724,(295),4.5,50 MP,Auslieferung in 1-2 Werktagen
SAMSUNG,Galaxy S24 ,Smartphone,6.2,128 GB,Onyx Black,749.,mediamarkt,https://www.mediamarkt.ch/de/product/_samsung-galaxy-s24-2220727.html,new,2024-04-15,2220727,(295),4.5,50 MP,Auslieferung in 1-2 Werktagen
APPLE,iPhone SE ,Smartphone,4.7,128 GB,Starlight,430.95,mediamarkt,https://www.mediamarkt.ch/de/product/_apple-iphone-se-2118903.html,new,2024-04-15,2118903,(0),,12 MP,Aktuell nicht lieferbar und kein Liefertermin vorhanden. Alle Angaben ohne Gewähr.
APPLE,iPhone SE (2022) ,Smartphone,4.7,256 GB,Starlight,567.,mediamarkt,https://www.mediamarkt.ch/de/product/_apple-iphone-se-2022-2118907.html,new,2024-04-15,2118907,(0),,12 MP,"Bestellbar, Auslieferung in 1-2 Werktagen"
APPLE,iPhone 12 ,Smartphone,6.1,128 GB,Black,529.,mediamarkt,https://www.mediamarkt.ch/de/product/_apple-iphone-12-2028653.html,new,2024-04-15,2028653,(8),3.3,12 MP,Auslieferung in 1-2 Werktagen
APPLE,iPhone 12 ,Smartphone,6.1,64 GB,Purple,479.95,mediamarkt,https://www.mediamarkt.ch/de/product/_apple-iphone-12-2066506.html,new,2024-04-15,2066506,(5),5.0,12 MP,"Bestellbar, Auslieferung in 1-2 Werktagen"
APPLE,iPhone 15 ,Smartphone,6.1,512 GB,Black,1026.,mediamarkt,https://www.mediamarkt.ch/de/product/_apple-iphone-15-2203382.html,new,2024-04-15,2203382,(1),3.0,48 MP,Auslieferung in 1-2 Werktagen
APPLE,iPhone 15 Pro ,Smartphone,6.1,1 TB,Natural Titanium,1456.,mediamarkt,https://www.mediamarkt.ch/de/product/_apple-iphone-15-pro-2203421.html,new,2024-04-15,2203421,,5.0,48 MP,"Wir bestellen für Sie den Artikel direkt beim Lieferanten. Sobald der Artikel verfügbar ist, werden Sie per E-Mail informiert."
APPLE,iPhone 15 Plus ,Smartphone,6.7,128 GB,Green,829.,mediamarkt,https://www.mediamarkt.ch/de/product/_apple-iphone-15-plus-2203392.html,new,2024-04-15,2203392,(1),5.0,48 MP,Auslieferung in 1-2 Werktagen
NOKIA,G42 5G ,Smartphone,6.56,128 GB,So Grey,203.95,mediamarkt,https://www.mediamarkt.ch/de/product/_nokia-g42-5g-2192169.html,new,2024-04-15,2192169,(4),4.8,50 MP,Auslieferung in bis zu 7 Werktagen
GOOGLE,Pixel 8 Pro ,Smartphone,6.7,128 GB,Obsidian,921.,mediamarkt,https://www.mediamarkt.ch/de/product/_google-pixel-8-pro-2214719.html,new,2024-04-15,2214719,(11),4.5,50 MP,"Wir bestellen für Sie den Artikel direkt beim Lieferanten. Sobald der Artikel verfügbar ist, werden Sie per E-Mail informiert."
SAMSUNG,Galaxy S24 Ultra ,Smartphone,6.8,1 TB,Titanium Black,1599.,mediamarkt,https://www.mediamarkt.ch/de/product/_samsung-galaxy-s24-ultra-2220713.html,new,2024-04-15,2220713,(888),4.7,200 MP,Auslieferung in 1-2 Werktagen
APPLE,iPhone 15 Pro ,Smartphone,6.1,1 TB,Blue Titanium,1474.,mediamarkt,https://www.mediamarkt.ch/de/product/_apple-iphone-15-pro-2203423.html,new,2024-04-15,2203423,(3),4.7,48 MP,Aktuell nicht lieferbar und kein Liefertermin vorhanden. Alle Angaben ohne Gewähr.
SAMSUNG,Galaxy S23 ,Smartphone,6.1,256 GB,Cream,698.,mediamarkt,https://www.mediamarkt.ch/de/product/_samsung-galaxy-s23-2167357.html,new,2024-04-15,2167357,(271),4.4,50 MP,"Bestellbar, Auslieferung in 1-2 Werktagen"
SAMSUNG,Galaxy S24 ,Smartphone,6.2,128 GB,Amber Yellow,749.,mediamarkt,https://www.mediamarkt.ch/de/product/_samsung-galaxy-s24-2220730.html,new,2024-04-15,2220730,(295),4.5,50 MP,Auslieferung in 1-2 Werktagen
SAMSUNG,Galaxy A55 5G ,Smartphone,6.6,128 GB,Awesome Lemon,429.,mediamarkt,https://www.mediamarkt.ch/de/product/_samsung-galaxy-a55-5g-2237052.html,new,2024-04-15,2237052,(0),,50 MP,Auslieferung in 1-4 Werktagen
SAMSUNG,Galaxy A35 5G ,Smartphone,6.6,128 GB,Awesome Lemon,359.,mediamarkt,https://www.mediamarkt.ch/de/product/_samsung-galaxy-a35-5g-2237048.html,new,2024-04-15,2237048,(0),,50 MP,"Bestellbar, Auslieferung in 1-2 Werktagen"
SAMSUNG,Galaxy S24+ ,Smartphone,6.7,512 GB,Cobalt Violet,1149.,mediamarkt,https://www.mediamarkt.ch/de/product/_samsung-galaxy-s24-2220717.html,new,2024-04-15,2220717,(210),4.5,50 MP,Auslieferung in 1-2 Werktagen
XIAOMI,Redmi Note 13 4G ,Smartphone,6.67,256 GB,Mint Green,222.95,mediamarkt,https://www.mediamarkt.ch/de/product/_xiaomi-redmi-note-13-4g-2220889.html,new,2024-04-15,2220889,(0),,108 MP,Auslieferung in bis zu 7 Werktagen
SAMSUNG,Galaxy Z Fold5 ,Smartphone,7.6,512 GB,Icy Blue,1800.,mediamarkt,https://www.mediamarkt.ch/de/product/_samsung-galaxy-z-fold5-2193025.html,new,2024-04-15,2193025,(49),4.3,50 MP,Auslieferung in bis zu 10 Werktagen
SAMSUNG,Galaxy Z Flip5 ,Smartphone,6.7,512 GB,Mint,1003.,mediamarkt,https://www.mediamarkt.ch/de/product/_samsung-galaxy-z-flip5-2193036.html,new,2024-04-15,2193036,(57),4.6,12 MP,Auslieferung in 1-2 Werktagen
NOKIA,G22 ,Smartphone,6.52,64 GB,Meteor Grey,159.95,mediamarkt,https://www.mediamarkt.ch/de/product/_nokia-g22-2175509.html,new,2024-04-15,2175509,(0),,50 MP,"Bestellbar, Auslieferung in 1-2 Werktagen"
APPLE,iPhone 14 Plus ,Smartphone,6.7,256 GB,"256 GB, (PRODUCT)RED",829.,mediamarkt,https://www.mediamarkt.ch/de/product/_apple-iphone-14-plus-2151048.html,new,2024-04-15,2151048,,5.0,12 MP,"Wir bestellen für Sie den Artikel direkt beim Lieferanten. Sobald der Artikel verfügbar ist, werden Sie per E-Mail informiert."
XIAOMI,13T Pro ,Smartphone,6.67,1 TB,Alpine Blue,893.,mediamarkt,https://www.mediamarkt.ch/de/product/_xiaomi-13t-pro-2203278.html,new,2024-04-15,2203278,(0),,50 MP,"Wir bestellen für Sie den Artikel direkt beim Lieferanten. Sobald der Artikel verfügbar ist, werden Sie per E-Mail informiert."
SAMSUNG,Galaxy S23 FE ,Smartphone,6.4,256 GB,Cream,629.,mediamarkt,https://www.mediamarkt.ch/de/product/_samsung-galaxy-s23-fe-2216491.html,new,2024-04-15,2216491,(2),3.0,50 MP,Auslieferung in 1-2 Werktagen
XIAOMI,13T ,Smartphone,6.67,256 GB,Black,551.,mediamarkt,https://www.mediamarkt.ch/de/product/_xiaomi-13t-2203283.html,new,2024-04-15,2203283,(8),4.5,50 MP,Auslieferung in bis zu 7 Werktagen
SAMSUNG,Galaxy S23 FE ,Smartphone,6.4,128 GB,Cream,619.,mediamarkt,https://www.mediamarkt.ch/de/product/_samsung-galaxy-s23-fe-2216485.html,new,2024-04-15,2216485,(2),3.0,50 MP,Auslieferung in 1-2 Werktagen
SAMSUNG,Galaxy S23 FE ,Smartphone,6.4,128 GB,Mint,599.,mediamarkt,https://www.mediamarkt.ch/de/product/_samsung-galaxy-s23-fe-2216483.html,new,2024-04-15,2216483,(2),3.0,50 MP,Auslieferung in 1-2 Werktagen
XIAOMI,13T Pro ,Smartphone,6.67,1 TB,Black,893.,mediamarkt,https://www.mediamarkt.ch/de/product/_xiaomi-13t-pro-2203276.html,new,2024-04-15,2203276,(0),,50 MP,Auslieferung in bis zu 7 Werktagen
SAMSUNG,Galaxy S23 FE ,Smartphone,6.4,128 GB,Purple,599.,mediamarkt,https://www.mediamarkt.ch/de/product/_samsung-galaxy-s23-fe-2216484.html,new,2024-04-15,2216484,(3),3.7,50 MP,Auslieferung in 1-2 Werktagen
SAMSUNG,Galaxy S23 FE ,Smartphone,6.4,256 GB,Purple,629.,mediamarkt,https://www.mediamarkt.ch/de/product/_samsung-galaxy-s23-fe-2216489.html,new,2024-04-15,2216489,(3),3.7,50 MP,Auslieferung in 1-4 Werktagen
MOTOROLA,Moto G32 ,Smartphone,6.5,128 GB,Mineral Grey,174.95,mediamarkt,https://www.mediamarkt.ch/de/product/_motorola-moto-g32-2161925.html,new,2024-04-15,2161925,(0),,50 MP,Auslieferung in bis zu 7 Werktagen
APPLE,iPhone 14 ,Smartphone,6.1,512 GB,Midnight,931.,mediamarkt,https://www.mediamarkt.ch/de/product/_apple-iphone-14-2151035.html,new,2024-04-15,2151035,(0),,12 MP,Auslieferung in 1-2 Werktagen
SAMSUNG,Galaxy A25 5G ,Smartphone,6.5,128 GB,Yellow,269.95,mediamarkt,https://www.mediamarkt.ch/de/product/_samsung-galaxy-a25-5g-2216507.html,new,2024-04-15,2216507,(6),4.7,50 MP,"Bestellbar, Auslieferung in 1-2 Werktagen"
APPLE,iPhone 14 ,Smartphone,6.1,256 GB,"256 GB, (PRODUCT)RED",729.,mediamarkt,https://www.mediamarkt.ch/de/product/_apple-iphone-14-2151033.html,new,2024-04-15,2151033,(5),5.0,12 MP,Auslieferung in 1-2 Werktagen
INOI,A62 ,Smartphone,6.1,64 GB,Schwarz,89.95,mediamarkt,https://www.mediamarkt.ch/de/product/_inoi-a62-2190679.html,new,2024-04-15,2190679,(0),,13 MP,"Bestellbar, Auslieferung in 1-2 Werktagen"
INOI,A72 ,Smartphone,6.5,64 GB,Violett,121.95,mediamarkt,https://www.mediamarkt.ch/de/product/_inoi-a72-2190692.html,new,2024-04-15,2190692,(0),,13 MP,Aktuell nicht lieferbar und kein Liefertermin vorhanden. Alle Angaben ohne Gewähr.
INOI,A72 ,Smartphone,6.5,64 GB,Grau,116.95,mediamarkt,https://www.mediamarkt.ch/de/product/_inoi-a72-2190691.html,new,2024-04-15,2190691,(0),,13 MP,Auslieferung in bis zu 7 Werktagen
DORO,8200 PLUS ,Smartphone,6.1,64 GB,Dunkelblau,283.95,mediamarkt,https://www.mediamarkt.ch/de/product/_doro-8200-plus-2198411.html,new,2024-04-15,2198411,(0),,16 MP,Auslieferung in bis zu 7 Werktagen
DORO,8200 ,Smartphone,6.1,64 GB,Dunkelblau,280.95,mediamarkt,https://www.mediamarkt.ch/de/product/_doro-8200-2198408.html,new,2024-04-15,2198408,(0),,16 MP,Auslieferung in bis zu 7 Werktagen
APPLE,iPhone 13 ,Smartphone,6.1,256 GB,Pink,649.,mediamarkt,https://www.mediamarkt.ch/de/product/_apple-iphone-13-2091355.html,new,2024-04-15,2091355,(0),,12 MP,Aktuell nicht lieferbar und kein Liefertermin vorhanden. Alle Angaben ohne Gewähr.
APPLE,iPhone 13 ,Smartphone,6.1,256 GB,"256 GB, (PRODUCT)RED",625.,mediamarkt,https://www.mediamarkt.ch/de/product/_apple-iphone-13-2091356.html,new,2024-04-15,2091356,(0),,12 MP,"Bestellbar, Auslieferung in 1-2 Werktagen"
XIAOMI,Redmi Note 13 Pro+ 5G ,Smartphone,6.67,512 GB,Moonlight White,446.95,mediamarkt,https://www.mediamarkt.ch/de/product/_xiaomi-redmi-note-13-pro-5g-2220880.html,new,2024-04-15,2220880,(1),2.0,200 MP,"Wir bestellen für Sie den Artikel direkt beim Lieferanten. Sobald der Artikel verfügbar ist, werden Sie per E-Mail informiert."
NOKIA,X30 5G ,Smartphone,6.43,128 GB,Ice White,408.95,mediamarkt,https://www.mediamarkt.ch/de/product/_nokia-x30-5g-2161084.html,new,2024-04-15,2161084,(2),3.5,50 MP,Auslieferung in bis zu 7 Werktagen
XIAOMI,Redmi Note 13 Pro+ 5G ,Smartphone,6.67,512 GB,Aurora Purple,424.95,mediamarkt,https://www.mediamarkt.ch/de/product/_xiaomi-redmi-note-13-pro-5g-2220881.html,new,2024-04-15,2220881,(2),4.0,200 MP,Auslieferung in 1-2 Werktagen
APPLE,iPhone 12 ,Smartphone,6.1,128 GB,Purple,529.,mediamarkt,https://www.mediamarkt.ch/de/product/_apple-iphone-12-2066507.html,new,2024-04-15,2066507,(8),4.8,12 MP,Aktuell nicht lieferbar und kein Liefertermin vorhanden. Alle Angaben ohne Gewähr.
XIAOMI,Redmi Note 13 Pro+ 5G ,Smartphone,6.67,256 GB,Moonlight White,399.95,mediamarkt,https://www.mediamarkt.ch/de/product/_xiaomi-redmi-note-13-pro-5g-2220883.html,new,2024-04-15,2220883,(0),,200 MP,Auslieferung in bis zu 7 Werktagen
XIAOMI,Redmi Note 13 Pro 5G ,Smartphone,6.67,256 GB,Aurora Purple,339.95,mediamarkt,https://www.mediamarkt.ch/de/product/_xiaomi-redmi-note-13-pro-5g-2220899.html,new,2024-04-15,2220899,(0),,200 MP,Auslieferung in 1-2 Werktagen
APPLE,iPhone 11 (2020) ,Smartphone,6.1,64 GB,White,399.,mediamarkt,https://www.mediamarkt.ch/de/product/_apple-iphone-11-2020-2028719.html,new,2024-04-15,2028719,(24),4.8,12 MP,Auslieferung in 1-2 Werktagen
XIAOMI,Redmi Note 13 Pro+ 5G ,Smartphone,6.67,256 GB,Aurora Purple,399.95,mediamarkt,https://www.mediamarkt.ch/de/product/_xiaomi-redmi-note-13-pro-5g-2220884.html,new,2024-04-15,2220884,(0),,200 MP,Auslieferung in bis zu 6 Werktagen
SAMSUNG,Galaxy S24 ,Smartphone,6.2,256 GB,Onyx Black,899.,mediamarkt,https://www.mediamarkt.ch/de/product/_samsung-galaxy-s24-2220723.html,new,2024-04-15,2220723,(295),4.5,50 MP,Auslieferung in 1-4 Werktagen
XIAOMI,Redmi 12 ,Smartphone,6.79,256 GB,Sky Blue,204.95,mediamarkt,https://www.mediamarkt.ch/de/product/_xiaomi-redmi-12-2203272.html,new,2024-04-15,2203272,(1),5.0,50 MP,Aktuell nicht lieferbar und kein Liefertermin vorhanden. Alle Angaben ohne Gewähr.
SAMSUNG,Galaxy S24 ,Smartphone,6.2,256 GB,Cobalt Violet,899.,mediamarkt,https://www.mediamarkt.ch/de/product/_samsung-galaxy-s24-2220725.html,new,2024-04-15,2220725,(296),4.5,50 MP,"Bestellbar, Auslieferung in 1-2 Werktagen"
APPLE,iPhone 12 ,Smartphone,6.1,128 GB,Green,529.,mediamarkt,https://www.mediamarkt.ch/de/product/_apple-iphone-12-2028661.html,new,2024-04-15,2028661,(4),4.8,12 MP,Auslieferung in bis zu 7 Werktagen
APPLE,iPhone SE (2022) ,Smartphone,4.7,256 GB,Midnight,579.,mediamarkt,https://www.mediamarkt.ch/de/product/_apple-iphone-se-2022-2118906.html,new,2024-04-15,2118906,(2),5.0,12 MP,Aktuell nicht lieferbar und kein Liefertermin vorhanden. Alle Angaben ohne Gewähr.
APPLE,iPhone 15 Plus ,Smartphone,6.7,512 GB,Yellow,1123.,mediamarkt,https://www.mediamarkt.ch/de/product/_apple-iphone-15-plus-2203400.html,new,2024-04-15,2203400,(0),,48 MP,Auslieferung in 1-2 Werktagen
APPLE,iPhone 15 ,Smartphone,6.1,512 GB,Pink,1029.,mediamarkt,https://www.mediamarkt.ch/de/product/_apple-iphone-15-2203383.html,new,2024-04-15,2203383,(0),,48 MP,"Wir bestellen für Sie den Artikel direkt beim Lieferanten. Sobald der Artikel verfügbar ist, werden Sie per E-Mail informiert."
APPLE,iPhone 15 ,Smartphone,6.1,512 GB,Blue,1045.,mediamarkt,https://www.mediamarkt.ch/de/product/_apple-iphone-15-2203386.html,new,2024-04-15,2203386,(2),5.0,48 MP,Aktuell nicht lieferbar und kein Liefertermin vorhanden. Alle Angaben ohne Gewähr.
GOOGLE,Pixel 8 ,Smartphone,6.2,128 GB,Obsidian,653.,mediamarkt,https://www.mediamarkt.ch/de/product/_google-pixel-8-2214716.html,new,2024-04-15,2214716,(26),4.5,50 MP,Auslieferung in 1-2 Werktagen
XIAOMI,13 Pro ,Smartphone,6.73,256 GB,Ceramic White,1225.,mediamarkt,https://www.mediamarkt.ch/de/product/_xiaomi-13-pro-2175506.html,new,2024-04-15,2175506,(0),,50 MP,"Wir bestellen für Sie den Artikel direkt beim Lieferanten. Sobald der Artikel verfügbar ist, werden Sie per E-Mail informiert."
APPLE,iPhone 15 Plus ,Smartphone,6.7,512 GB,Black,1123.,mediamarkt,https://www.mediamarkt.ch/de/product/_apple-iphone-15-plus-2203398.html,new,2024-04-15,2203398,(0),,48 MP,Auslieferung in 1-2 Werktagen
APPLE,iPhone 15 Plus ,Smartphone,6.7,128 GB,Pink,843.,mediamarkt,https://www.mediamarkt.ch/de/product/_apple-iphone-15-plus-2203389.html,new,2024-04-15,2203389,(4),5.0,48 MP,"Bestellbar, Auslieferung in 1-2 Werktagen"
EMPORIA,JOY,Klapphandy,,,EMPORIA JOY- LTE (4G) - Klapphandy (Schwarz,89.95,mediamarkt,https://www.mediamarkt.ch/de/product/_emporia-joy-lte-4g-2114079.html,new,2024-04-15,2114079,(0),,2 MP,"Bestellbar, Auslieferung in 1-2 Werktagen"
MOTOROLA,Moto G82 5G ,Smartphone,6.6,128 GB,Meteorite Gray,322.95,mediamarkt,https://www.mediamarkt.ch/de/product/_motorola-moto-g82-5g-2134534.html,new,2024-04-15,2134534,(0),,50 MP,Auslieferung in bis zu 7 Werktagen
XIAOMI,Redmi Note 12 4G ,Smartphone,6.67,64 GB,Onyx Gray,178.95,mediamarkt,https://www.mediamarkt.ch/de/product/_xiaomi-redmi-note-12-4g-2195956.html,new,2024-04-15,2195956,(0),,50 MP,Aktuell nicht lieferbar und kein Liefertermin vorhanden. Alle Angaben ohne Gewähr.
MOTOROLA,Moto G22 ,Smartphone,6.5,64 GB,Cosmic Black,204.95,mediamarkt,https://www.mediamarkt.ch/de/product/_motorola-moto-g22-2134530.html,new,2024-04-15,2134530,(0),,50 MP,Auslieferung in bis zu 7 Werktagen
MOTOROLA,Moto G30 ,Smartphone,6.5,128 GB,Dark Pearl,259.95,mediamarkt,https://www.mediamarkt.ch/de/product/_motorola-moto-g30-2076214.html,new,2024-04-15,2076214,(0),,64 MP,Auslieferung in bis zu 7 Werktagen
OPPO,A58 ,Smartphone,6.72,128 GB,Dazzling Green,129.70,mediamarkt,https://www.mediamarkt.ch/de/product/_oppo-a58-2202444.html,new,2024-04-15,2202444,(0),,50 MP,Der Artikel ist nicht mehr verfügbar. Prüfen Sie die Marktverfügbarkeit
SAMSUNG,Galaxy S24+ ,Smartphone,6.7,512 GB,Amber Yellow,1149.,mediamarkt,https://www.mediamarkt.ch/de/product/_samsung-galaxy-s24-2220718.html,new,2024-04-15,2220718,(210),4.5,50 MP,Das Produkt ist online ausverkauft.
CROSSCALL,STELLAR,Smartphone,6.497,128 GB,Schwarz,896.,mediamarkt,https://www.mediamarkt.ch/de/product/_crosscall-stellar-x5-2219743.html,new,2024-04-15,2219743,(0),,50 MP,Auslieferung in bis zu 7 Werktagen
SAMSUNG,Galaxy S23 ,Smartphone,6.1,128 GB,Lavender,629.,mediamarkt,https://www.mediamarkt.ch/de/product/_samsung-galaxy-s23-2167349.html,new,2024-04-15,2167349,(271),4.4,50 MP,Auslieferung in 1-2 Werktagen
SAMSUNG,Galaxy S22 Ultra 5G ,Smartphone,6.8,256 GB,Phantom Black,947.,mediamarkt,https://www.mediamarkt.ch/de/product/_samsung-galaxy-s22-ultra-5g-2109393.html,new,2024-04-15,2109393,(148),4.3,108 MP,Der Artikel ist nicht mehr verfügbar. Prüfen Sie die Marktverfügbarkeit
XIAOMI,Redmi Note 12 Pro 5G ,Smartphone,6.67,128 GB,Polar White,356.95,mediamarkt,https://www.mediamarkt.ch/de/product/_xiaomi-redmi-note-12-pro-5g-2215826.html,new,2024-04-15,2215826,(0),,50 MP,Auslieferung in bis zu 7 Werktagen
MOTOROLA,Edge 20 Pro ,Smartphone,6.7,256 GB,Blue Vegan Leather,533.,mediamarkt,https://www.mediamarkt.ch/de/product/_motorola-edge-20-pro-2095383.html,new,2024-04-15,2095383,(0),,108 MP,Auslieferung in bis zu 7 Werktagen
SAMSUNG,Galaxy S23 ,Smartphone,6.1,128 GB,Cream,629.,mediamarkt,https://www.mediamarkt.ch/de/product/_samsung-galaxy-s23-2167340.html,new,2024-04-15,2167340,(336),4.4,50 MP,"Bestellbar, Auslieferung in 1-2 Werktagen"
XIAOMI,Redmi 12C ,Smartphone,6.71,64 GB,Mint Green,133.95,mediamarkt,https://www.mediamarkt.ch/de/product/_xiaomi-redmi-12c-2178005.html,new,2024-04-15,2178005,(4),5.0,50 MP,Auslieferung in bis zu 7 Werktagen
XIAOMI,Redmi 12C ,Smartphone,6.71,64 GB,Graphite Gray,133.95,mediamarkt,https://www.mediamarkt.ch/de/product/_xiaomi-redmi-12c-2178006.html,new,2024-04-15,2178006,(6),3.8,50 MP,Aktuell nicht lieferbar und kein Liefertermin vorhanden. Alle Angaben ohne Gewähr.
XIAOMI,Redmi 12C ,Smartphone,6.71,64 GB,Ocean Blue,133.95,mediamarkt,https://www.mediamarkt.ch/de/product/_xiaomi-redmi-12c-2178007.html,new,2024-04-15,2178007,(4),5.0,50 MP,Aktuell nicht lieferbar und kein Liefertermin vorhanden. Alle Angaben ohne Gewähr.
SAMSUNG,Galaxy A35 5G ,Smartphone,6.6,256 GB,Awesome Iceblue,419.95,mediamarkt,https://www.mediamarkt.ch/de/product/_samsung-galaxy-a35-5g-2242300.html,new,2024-04-15,2242300,(1),5.0,50 MP,Aktuell nicht lieferbar und kein Liefertermin vorhanden. Alle Angaben ohne Gewähr.
SAMSUNG,Galaxy S24+ ,Smartphone,6.7,256 GB,Marble Grey,949.,mediamarkt,https://www.mediamarkt.ch/de/product/_samsung-galaxy-s24-2220720.html,new,2024-04-15,2220720,(210),4.5,50 MP,Auslieferung in 1-2 Werktagen
SAMSUNG,Galaxy S23+ ,Smartphone,6.6,512 GB,Phantom Black,849.,mediamarkt,https://www.mediamarkt.ch/de/product/_samsung-galaxy-s23-2167378.html,new,2024-04-15,2167378,(156),4.6,50 MP,Auslieferung in 1-2 Werktagen
XIAOMI,Redmi Note 13 4G ,Smartphone,6.67,128 GB,Ice Blue,178.95,mediamarkt,https://www.mediamarkt.ch/de/product/_xiaomi-redmi-note-13-4g-2220887.html,new,2024-04-15,2220887,(3),3.0,108 MP,Auslieferung in bis zu 7 Werktagen
SAMSUNG,Galaxy Z Flip5 ,Smartphone,6.7,256 GB,Graphite,1011.,mediamarkt,https://www.mediamarkt.ch/de/product/_samsung-galaxy-z-flip5-2193030.html,new,2024-04-15,2193030,(55),4.5,12 MP,Auslieferung in bis zu 7 Werktagen
SAMSUNG,Galaxy Z Fold4 ,Smartphone,7.6,256 GB,Phantom Black,1837.,mediamarkt,https://www.mediamarkt.ch/de/product/_samsung-galaxy-z-fold4-2141921.html,new,2024-04-15,2141921,(55),4.1,50 MP,Der Artikel ist nicht mehr verfügbar. Prüfen Sie die Marktverfügbarkeit
EMPORIA,SMART.5mini ,Smartphone,4.95,64 GB,Schwarz,178.95,mediamarkt,https://www.mediamarkt.ch/de/product/_emporia-smart-5mini-2192175.html,new,2024-04-15,2192175,(0),,13 MP,Auslieferung in bis zu 7 Werktagen
SAMSUNG,Galaxy Z Fold5 ,Smartphone,7.6,256 GB,Icy Blue,1629.,mediamarkt,https://www.mediamarkt.ch/de/product/_samsung-galaxy-z-fold5-2193040.html,new,2024-04-15,2193040,(49),4.3,50 MP,Auslieferung in bis zu 7 Werktagen
SAMSUNG,Galaxy Z Flip5 ,Smartphone,6.7,256 GB,Mint,1011.,mediamarkt,https://www.mediamarkt.ch/de/product/_samsung-galaxy-z-flip5-2193032.html,new,2024-04-15,2193032,(55),4.5,12 MP,Auslieferung in bis zu 7 Werktagen
SAMSUNG,Galaxy Z Fold5 ,Smartphone,7.6,256 GB,Phantom Black,1799.,mediamarkt,https://www.mediamarkt.ch/de/product/_samsung-galaxy-z-fold5-2193037.html,new,2024-04-15,2193037,(48),4.3,50 MP,Auslieferung in bis zu 7 Werktagen
NOKIA,C21 Plus ,Smartphone,6.517,32 GB,Dark Cyan,84.70,mediamarkt,https://www.mediamarkt.ch/de/product/_nokia-c21-plus-2127663.html,new,2024-04-15,2127663,(1),5.0,13 MP,Der Artikel ist nicht mehr verfügbar. Prüfen Sie die Marktverfügbarkeit
SAMSUNG,Galaxy Z Fold5 ,Smartphone,7.6,256 GB,Cream,1799.,mediamarkt,https://www.mediamarkt.ch/de/product/_samsung-galaxy-z-fold5-2193038.html,new,2024-04-15,2193038,(48),4.3,50 MP,Auslieferung in bis zu 7 Werktagen
SAMSUNG,Galaxy Z Fold5 ,Smartphone,7.6,512 GB,Cream,1899.,mediamarkt,https://www.mediamarkt.ch/de/product/_samsung-galaxy-z-fold5-2193042.html,new,2024-04-15,2193042,(49),4.3,50 MP,Auslieferung in 1-2 Werktagen
SAMSUNG,Galaxy Z Fold5 ,Smartphone,7.6,512 GB,Phantom Black,1710.,mediamarkt,https://www.mediamarkt.ch/de/product/_samsung-galaxy-z-fold5-2193041.html,new,2024-04-15,2193041,(48),4.3,50 MP,Auslieferung in 1-2 Werktagen
ONE,PLUS Nord CE 3 Lite 5G ,Smartphone,6.72,128 GB,Chromatic Gray,313.95,mediamarkt,https://www.mediamarkt.ch/de/product/_one-plus-nord-ce-3-lite-5g-2180208.html,new,2024-04-15,2180208,(1),5.0,108 MP,Auslieferung in 1-2 Werktagen
ONE,PLUS Nord CE 3 Lite 5G ,Smartphone,6.72,128 GB,Pastel Lime,314.95,mediamarkt,https://www.mediamarkt.ch/de/product/_one-plus-nord-ce-3-lite-5g-2180209.html,new,2024-04-15,2180209,(0),,108 MP,Auslieferung in bis zu 6 Werktagen
DORO,6880 ,Klapphandy,,,DORO 6880 - Klapphandy (Schwarz/Weiss,92.95,mediamarkt,https://www.mediamarkt.ch/de/product/_doro-6880-2119156.html,new,2024-04-15,2119156,(0),,2 MP,Auslieferung in bis zu 7 Werktagen
DORO,6880 ,Klapphandy,,,DORO 6880 - Klapphandy (Rot/Weiss,99.95,mediamarkt,https://www.mediamarkt.ch/de/product/_doro-6880-2119157.html,new,2024-04-15,2119157,(0),,2 MP,"Wir bestellen für Sie den Artikel direkt beim Lieferanten. Sobald der Artikel verfügbar ist, werden Sie per E-Mail informiert."
DORO,5860 ,Mobiltelefon,,,DORO 5860 - Mobiltelefon (Schwarz/Weiss,77.95,mediamarkt,https://www.mediamarkt.ch/de/product/_doro-5860-2119150.html,new,2024-04-15,2119150,(1),1.0,2 MP,Auslieferung in bis zu 7 Werktagen
DORO,5860 ,Mobiltelefon,,,DORO 5860 - Mobiltelefon (Grau,79.95,mediamarkt,https://www.mediamarkt.ch/de/product/_doro-5860-2119151.html,new,2024-04-15,2119151,(1),4.0,2 MP,Auslieferung in bis zu 7 Werktagen
WIKO,Y52 ,Smartphone,,16 GB,Deep Blue,49.70,mediamarkt,https://www.mediamarkt.ch/de/product/_wiko-y52-2127285.html,new,2024-04-15,2127285,(2),1.5,5 MP,Der Artikel ist nicht mehr verfügbar. Prüfen Sie die Marktverfügbarkeit
SAMSUNG,Galaxy A34 5G ,Smartphone,6.6,128 GB,Awesome Graphite,320.95,mediamarkt,https://www.mediamarkt.ch/de/product/_samsung-galaxy-a34-5g-2173976.html,new,2024-04-15,2173976,(217),4.3,48 MP,"Bestellbar, Auslieferung in 1-2 Werktagen"
DORO,8100 PLUS ,Smartphone,6.1,32 GB,Graphit,242.,mediamarkt,https://www.mediamarkt.ch/de/product/_doro-8100-plus-2119149.html,new,2024-04-15,2119149,(0),,13 MP,Auslieferung in 1-2 Werktagen
XIAOMI,Redmi 13C ,Smartphone,6.74,256 GB,Navy Blue,160.95,mediamarkt,https://www.mediamarkt.ch/de/product/_xiaomi-redmi-13c-2219845.html,new,2024-04-15,2219845,(0),,50 MP,Auslieferung in bis zu 7 Werktagen
NOKIA,C32 ,Smartphone,6.517,64 GB,Charcoal,129.95,mediamarkt,https://www.mediamarkt.ch/de/product/_nokia-c32-2181891.html,new,2024-04-15,2181891,(0),,50 MP,Auslieferung in 1-2 Werktagen
APPLE,iPhone 14 Plus ,Smartphone,6.7,128 GB,Blue,729.,mediamarkt,https://www.mediamarkt.ch/de/product/_apple-iphone-14-plus-2151044.html,new,2024-04-15,2151044,(6),5.0,12 MP,Aktuell nicht lieferbar und kein Liefertermin vorhanden. Alle Angaben ohne Gewähr.
FAIRPHONE,4 5G ,Smartphone,6.3,128 GB,Grau,449.95,mediamarkt,https://www.mediamarkt.ch/de/product/_fairphone-4-5g-2093552.html,new,2024-04-15,2093552,(4),4.0,48 MP,Auslieferung in bis zu 7 Werktagen
APPLE,iPhone 14 Plus ,Smartphone,6.7,256 GB,Midnight,829.,mediamarkt,https://www.mediamarkt.ch/de/product/_apple-iphone-14-plus-2151045.html,new,2024-04-15,2151045,(5),5.0,12 MP,Auslieferung in bis zu 7 Werktagen
SAMSUNG,Galaxy A54 5G ,Smartphone,6.4,256 GB,Awesome Graphite,449.95,mediamarkt,https://www.mediamarkt.ch/de/product/_samsung-galaxy-a54-5g-2176862.html,new,2024-04-15,2176862,(320),4.4,50 MP,Auslieferung in 1-2 Werktagen
APPLE,iPhone 14 Plus ,Smartphone,6.7,512 GB,Blue,1026.,mediamarkt,https://www.mediamarkt.ch/de/product/_apple-iphone-14-plus-2151054.html,new,2024-04-15,2151054,(2),5.0,12 MP,Aktuell nicht lieferbar und kein Liefertermin vorhanden. Alle Angaben ohne Gewähr.
APPLE,iPhone 14 Plus ,Smartphone,6.7,128 GB,"128 GB, (PRODUCT)RED",729.,mediamarkt,https://www.mediamarkt.ch/de/product/_apple-iphone-14-plus-2151043.html,new,2024-04-15,2151043,(3),5.0,12 MP,Auslieferung in 1-2 Werktagen
XIAOMI,13T Pro ,Smartphone,6.67,512 GB,Meadow Green,804.,mediamarkt,https://www.mediamarkt.ch/de/product/_xiaomi-13t-pro-2203281.html,new,2024-04-15,2203281,(3),2.3,50 MP,Auslieferung in bis zu 7 Werktagen
XIAOMI,13T Pro ,Smartphone,6.67,512 GB,Black,763.,mediamarkt,https://www.mediamarkt.ch/de/product/_xiaomi-13t-pro-2203279.html,new,2024-04-15,2203279,(3),4.3,50 MP,"Wir bestellen für Sie den Artikel direkt beim Lieferanten. Sobald der Artikel verfügbar ist, werden Sie per E-Mail informiert."
XIAOMI,Redmi A2 ,Smartphone,6.52,32 GB,Hellblau,88.95,mediamarkt,https://www.mediamarkt.ch/de/product/_xiaomi-redmi-a2-2178003.html,new,2024-04-15,2178003,(6),4.2,8 MP,Aktuell nicht lieferbar und kein Liefertermin vorhanden. Alle Angaben ohne Gewähr.
SAMSUNG,Galaxy S23 FE ,Smartphone,6.4,128 GB,Graphite,619.,mediamarkt,https://www.mediamarkt.ch/de/product/_samsung-galaxy-s23-fe-2216482.html,new,2024-04-15,2216482,(2),3.0,50 MP,Auslieferung in 1-2 Werktagen
DORO,8050 (mit Ladestation + Handyhülle) ,Smartphone,5.45,16 GB,Schwarz/Blau,229.70,mediamarkt,https://www.mediamarkt.ch/de/product/_doro-8050-mit-ladestation-handyh%C3%BClle-1980442.html,new,2024-04-15,1980442,(0),,13 MP,Auslieferung in 1-2 Werktagen
XIAOMI,13T Pro ,Smartphone,6.67,512 GB,Alpine Blue,804.,mediamarkt,https://www.mediamarkt.ch/de/product/_xiaomi-13t-pro-2203282.html,new,2024-04-15,2203282,(1),5.0,50 MP,"Wir bestellen für Sie den Artikel direkt beim Lieferanten. Sobald der Artikel verfügbar ist, werden Sie per E-Mail informiert."
APPLE,iPhone 14 Plus ,Smartphone,6.7,512 GB,"512 GB, (PRODUCT)RED",1026.,mediamarkt,https://www.mediamarkt.ch/de/product/_apple-iphone-14-plus-2151053.html,new,2024-04-15,2151053,(2),5.0,12 MP,Aktuell nicht lieferbar und kein Liefertermin vorhanden. Alle Angaben ohne Gewähr.
XIAOMI,13T ,Smartphone,6.67,256 GB,Alpine Blue,580.,mediamarkt,https://www.mediamarkt.ch/de/product/_xiaomi-13t-2203285.html,new,2024-04-15,2203285,(0),,50 MP,"Wir bestellen für Sie den Artikel direkt beim Lieferanten. Sobald der Artikel verfügbar ist, werden Sie per E-Mail informiert."
APPLE,iPhone 14 Plus ,Smartphone,6.7,512 GB,Deep Purple,1026.,mediamarkt,https://www.mediamarkt.ch/de/product/_apple-iphone-14-plus-2151052.html,new,2024-04-15,2151052,(2),5.0,12 MP,Auslieferung in bis zu 7 Werktagen
XIAOMI,13T ,Smartphone,6.67,256 GB,Meadow Green,580.,mediamarkt,https://www.mediamarkt.ch/de/product/_xiaomi-13t-2203284.html,new,2024-04-15,2203284,(3),4.3,50 MP,Auslieferung in bis zu 7 Werktagen
ONE,PLUS 11 5G ,Smartphone,6.7,256 GB,Titan Black,829.,mediamarkt,https://www.mediamarkt.ch/de/product/_one-plus-11-5g-2171795.html,new,2024-04-15,2171795,(1),5.0,50 MP,Auslieferung in 1-2 Werktagen
APPLE,iPhone 14 Plus ,Smartphone,6.7,512 GB,Starlight,1026.,mediamarkt,https://www.mediamarkt.ch/de/product/_apple-iphone-14-plus-2151051.html,new,2024-04-15,2151051,(2),5.0,12 MP,Aktuell nicht lieferbar und kein Liefertermin vorhanden. Alle Angaben ohne Gewähr.
ONE,PLUS 11 5G ,Smartphone,6.7,128 GB,Titan Black,792.,mediamarkt,https://www.mediamarkt.ch/de/product/_one-plus-11-5g-2171793.html,new,2024-04-15,2171793,(0),,50 MP,Auslieferung in bis zu 7 Werktagen
APPLE,iPhone 14 ,Smartphone,6.1,512 GB,Blue,931.,mediamarkt,https://www.mediamarkt.ch/de/product/_apple-iphone-14-2151039.html,new,2024-04-15,2151039,(1),5.0,12 MP,Auslieferung in 1-2 Werktagen
SAMSUNG,Galaxy S23 FE ,Smartphone,6.4,256 GB,Mint,620.,mediamarkt,https://www.mediamarkt.ch/de/product/_samsung-galaxy-s23-fe-2216488.html,new,2024-04-15,2216488,(2),3.0,50 MP,Auslieferung in bis zu 7 Werktagen
APPLE,iPhone 14 ,Smartphone,6.1,512 GB,Purple,931.,mediamarkt,https://www.mediamarkt.ch/de/product/_apple-iphone-14-2151037.html,new,2024-04-15,2151037,(0),,12 MP,Aktuell nicht lieferbar und kein Liefertermin vorhanden. Alle Angaben ohne Gewähr.
APPLE,iPhone 14 ,Smartphone,6.1,512 GB,"512 GB, (PRODUCT)RED",931.,mediamarkt,https://www.mediamarkt.ch/de/product/_apple-iphone-14-2151038.html,new,2024-04-15,2151038,(0),,12 MP,Aktuell nicht lieferbar und kein Liefertermin vorhanden. Alle Angaben ohne Gewähr.
MOTOROLA,Moto E13 ,Smartphone,6.5,64 GB,Cosmic Black,99.95,mediamarkt,https://www.mediamarkt.ch/de/product/_motorola-moto-e13-2180587.html,new,2024-04-15,2180587,(1),1.0,13 MP,Auslieferung in 1-4 Werktagen
APPLE,iPhone 14 ,Smartphone,6.1,512 GB,Starlight,989.,mediamarkt,https://www.mediamarkt.ch/de/product/_apple-iphone-14-2151036.html,new,2024-04-15,2151036,(0),,12 MP,Aktuell nicht lieferbar und kein Liefertermin vorhanden. Alle Angaben ohne Gewähr.
APPLE,iPhone 13 ,Smartphone,6.1,512 GB,Starlight,835.,mediamarkt,https://www.mediamarkt.ch/de/product/_apple-iphone-13-2091361.html,new,2024-04-15,2091361,(0),,12 MP,Aktuell nicht lieferbar und kein Liefertermin vorhanden. Alle Angaben ohne Gewähr.
APPLE,iPhone 13 ,Smartphone,6.1,512 GB,"512 GB, (PRODUCT)RED",835.,mediamarkt,https://www.mediamarkt.ch/de/product/_apple-iphone-13-2091364.html,new,2024-04-15,2091364,(2),5.0,12 MP,Aktuell nicht lieferbar und kein Liefertermin vorhanden. Alle Angaben ohne Gewähr.
INOI,A63 ,Smartphone,6.5,32 GB,Blau,89.95,mediamarkt,https://www.mediamarkt.ch/de/product/_inoi-a63-2190688.html,new,2024-04-15,2190688,(0),,13 MP,Auslieferung in 1-2 Werktagen
APPLE,iPhone 13 ,Smartphone,6.1,512 GB,Blue,835.,mediamarkt,https://www.mediamarkt.ch/de/product/_apple-iphone-13-2091365.html,new,2024-04-15,2091365,(0),,12 MP,Aktuell nicht lieferbar und kein Liefertermin vorhanden. Alle Angaben ohne Gewähr.
APPLE,iPhone 14 ,Smartphone,6.1,256 GB,Yellow,729.,mediamarkt,https://www.mediamarkt.ch/de/product/_apple-iphone-14-2176809.html,new,2024-04-15,2176809,(5),5.0,12 MP,"Wir bestellen für Sie den Artikel direkt beim Lieferanten. Sobald der Artikel verfügbar ist, werden Sie per E-Mail informiert."
DORO,8200 SECURE ,Smartphone,6.1,64 GB,Dunkelblau,358.95,mediamarkt,https://www.mediamarkt.ch/de/product/_doro-8200-secure-2198416.html,new,2024-04-15,2198416,(0),,16 MP,Auslieferung in bis zu 7 Werktagen
APPLE,iPhone 14 Plus ,Smartphone,6.7,256 GB,Yellow,829.,mediamarkt,https://www.mediamarkt.ch/de/product/_apple-iphone-14-plus-2176812.html,new,2024-04-15,2176812,(2),5.0,12 MP,Aktuell nicht lieferbar und kein Liefertermin vorhanden. Alle Angaben ohne Gewähr.
INOI,A83 ,Smartphone,6.52,128 GB,Schwarz,129.95,mediamarkt,https://www.mediamarkt.ch/de/product/_inoi-a83-2190693.html,new,2024-04-15,2190693,(0),,48 MP,Auslieferung in 1-2 Werktagen
INOI,Note 13s ,Smartphone,6.95,256 GB,Grau,158.95,mediamarkt,https://www.mediamarkt.ch/de/product/_inoi-note-13s-2190696.html,new,2024-04-15,2190696,(0),,16 MP,Auslieferung in 1-2 Werktagen
MOTOROLA,Moto G100 ,Smartphone,6.7,128 GB,Iridescent Ocean,600.,mediamarkt,https://www.mediamarkt.ch/de/product/_motorola-moto-g100-2076212.html,new,2024-04-15,2076212,(0),,64 MP,Auslieferung in bis zu 7 Werktagen
XIAOMI,Redmi Note 11 ,Smartphone,6.43,128 GB,Graphite Grey,169.70,mediamarkt,https://www.mediamarkt.ch/de/product/_xiaomi-redmi-note-11-2112524.html,new,2024-04-15,2112524,(44),4.1,50 MP,Der Artikel ist nicht mehr verfügbar. Prüfen Sie die Marktverfügbarkeit
XIAOMI,Redmi Note 13 4G ,Smartphone,6.67,256 GB,Ice Blue,222.95,mediamarkt,https://www.mediamarkt.ch/de/product/_xiaomi-redmi-note-13-4g-2220890.html,new,2024-04-15,2220890,(0),,108 MP,Auslieferung in bis zu 6 Werktagen
XIAOMI,Redmi Note 13 5G ,Smartphone,6.67,256 GB,Ocean Teal,267.95,mediamarkt,https://www.mediamarkt.ch/de/product/_xiaomi-redmi-note-13-5g-2220892.html,new,2024-04-15,2220892,(4),4.8,108 MP,Auslieferung in bis zu 7 Werktagen
XIAOMI,13 Lite ,Smartphone,6.55,128 GB,Lite Blue,446.95,mediamarkt,https://www.mediamarkt.ch/de/product/_xiaomi-13-lite-2176850.html,new,2024-04-15,2176850,(0),,50 MP,Aktuell nicht lieferbar und kein Liefertermin vorhanden. Alle Angaben ohne Gewähr.
MOTOROLA,Edge 30 Ultra ,Smartphone,6.67,256 GB,Interstellar Black,869.,mediamarkt,https://www.mediamarkt.ch/de/product/_motorola-edge-30-ultra-2161930.html,new,2024-04-15,2161930,(1),1.0,200 MP,Auslieferung in bis zu 7 Werktagen
MOTOROLA,Edge 30 Fusion ,Smartphone,6.55,128 GB,Quartz Black,619.,mediamarkt,https://www.mediamarkt.ch/de/product/_motorola-edge-30-fusion-2161928.html,new,2024-04-15,2161928,(0),,50 MP,Auslieferung in bis zu 7 Werktagen
PEAQ,PSP 400 ,Smartphone,4.95,32 GB,Schwarz/Silber,139.70,mediamarkt,https://www.mediamarkt.ch/de/product/_peaq-psp-400-2059893.html,new,2024-04-15,2059893,(25),4.0,13 MP,Das Produkt ist online ausverkauft.
XIAOMI,Redmi Note 13 Pro 5G ,Smartphone,6.67,256 GB,Ocean Teal,356.95,mediamarkt,https://www.mediamarkt.ch/de/product/_xiaomi-redmi-note-13-pro-5g-2220898.html,new,2024-04-15,2220898,(6),4.7,200 MP,"Wir bestellen für Sie den Artikel direkt beim Lieferanten. Sobald der Artikel verfügbar ist, werden Sie per E-Mail informiert."
MOTOROLA,Edge 30 ,Smartphone,6.5,128 GB,Meteor Grey,509.,mediamarkt,https://www.mediamarkt.ch/de/product/_motorola-edge-30-2161926.html,new,2024-04-15,2161926,(0),,50 MP,Auslieferung in bis zu 7 Werktagen
XIAOMI,13 ,Smartphone,6.36,256 GB,Weiss,893.,mediamarkt,https://www.mediamarkt.ch/de/product/_xiaomi-13-2176848.html,new,2024-04-15,2176848,(2),5.0,50 MP,"Wir bestellen für Sie den Artikel direkt beim Lieferanten. Sobald der Artikel verfügbar ist, werden Sie per E-Mail informiert."
MOTOROLA,Razr 40 ,Smartphone,6.9,256 GB,Vanilla Cream,736.,mediamarkt,https://www.mediamarkt.ch/de/product/_motorola-razr-40-2189430.html,new,2024-04-15,2189430,(0),,64 MP,Auslieferung in bis zu 7 Werktagen
MOTOROLA,Moto E22i ,Smartphone,6.5,32 GB,Graphite Grey,149.95,mediamarkt,https://www.mediamarkt.ch/de/product/_motorola-moto-e22i-2161924.html,new,2024-04-15,2161924,(0),,16 MP,Auslieferung in bis zu 7 Werktagen
XIAOMI,Redmi Note 13 Pro 4G ,Smartphone,6.67,256 GB,Lavender Purple,312.95,mediamarkt,https://www.mediamarkt.ch/de/product/_xiaomi-redmi-note-13-pro-4g-2220896.html,new,2024-04-15,2220896,(0),,200 MP,Auslieferung in bis zu 7 Werktagen
CROSSCALL,CORE,Smartphone,6.08,64 GB,Schwarz,746.,mediamarkt,https://www.mediamarkt.ch/de/product/_crosscall-core-z5-2162748.html,new,2024-04-15,2162748,(0),,48 MP,Auslieferung in bis zu 7 Werktagen
MOTOROLA,Razr 40 Ultra ,Smartphone,6.9,256 GB,Viva Magenta,1075.,mediamarkt,https://www.mediamarkt.ch/de/product/_motorola-razr-40-ultra-2189432.html,new,2024-04-15,2189432,(1),5.0,12 MP,Auslieferung in 1-2 Werktagen
NOTHING,phone (2) ,Smartphone,6.7,512 GB,Grau,649.,mediamarkt,https://www.mediamarkt.ch/de/product/_nothing-phone-2-2189934.html,new,2024-04-15,2189934,(0),,50 MP,"Wir bestellen für Sie den Artikel direkt beim Lieferanten. Sobald der Artikel verfügbar ist, werden Sie per E-Mail informiert."
MOTOROLA,Razr 40 ,Smartphone,6.9,256 GB,Sage Green,736.,mediamarkt,https://www.mediamarkt.ch/de/product/_motorola-razr-40-2189431.html,new,2024-04-15,2189431,(0),,64 MP,Auslieferung in bis zu 7 Werktagen
MOTOROLA,Razr 40 Ultra ,Smartphone,6.9,256 GB,Infinite Black,1004.,mediamarkt,https://www.mediamarkt.ch/de/product/_motorola-razr-40-ultra-2189435.html,new,2024-04-15,2189435,(1),5.0,12 MP,Auslieferung in bis zu 7 Werktagen
MOTOROLA,Razr 40 Ultra ,Smartphone,6.9,256 GB,Glacier Blue,790.,mediamarkt,https://www.mediamarkt.ch/de/product/_motorola-razr-40-ultra-2189433.html,new,2024-04-15,2189433,(2),5.0,12 MP,Auslieferung in bis zu 7 Werktagen
CROSSCALL,ACTION,Smartphone,5.45,64 GB,Schwarz,563.,mediamarkt,https://www.mediamarkt.ch/de/product/_crosscall-action-x5-2111324.html,new,2024-04-15,2111324,(0),,48 MP,Auslieferung in bis zu 7 Werktagen
MOTOROLA,Razr 40 ,Smartphone,6.9,256 GB,Summer Lilac,698.,mediamarkt,https://www.mediamarkt.ch/de/product/_motorola-razr-40-2189429.html,new,2024-04-15,2189429,(0),,64 MP,Auslieferung in bis zu 7 Werktagen
SAMSUNG,Galaxy S23+ ,Smartphone,6.6,512 GB,Lavender,849.,mediamarkt,https://www.mediamarkt.ch/de/product/_samsung-galaxy-s23-2167377.html,new,2024-04-15,2167377,(154),4.6,50 MP,Auslieferung in 1-2 Werktagen
MOTOROLA,Edge 40 Neo ,Smartphone,6.55,256 GB,Caneel Bay,371.95,mediamarkt,https://www.mediamarkt.ch/de/product/_motorola-edge-40-neo-2216176.html,new,2024-04-15,2216176,(0),,50 MP,Aktuell nicht lieferbar und kein Liefertermin vorhanden. Alle Angaben ohne Gewähr.
SAMSUNG,Galaxy S23+ ,Smartphone,6.6,512 GB,Green,849.,mediamarkt,https://www.mediamarkt.ch/de/product/_samsung-galaxy-s23-2167376.html,new,2024-04-15,2167376,(156),4.6,50 MP,Auslieferung in bis zu 7 Werktagen
XIAOMI,Redmi 12 ,Smartphone,6.79,256 GB,Polar Silver,204.95,mediamarkt,https://www.mediamarkt.ch/de/product/_xiaomi-redmi-12-2203270.html,new,2024-04-15,2203270,(0),,50 MP,Aktuell nicht lieferbar und kein Liefertermin vorhanden. Alle Angaben ohne Gewähr.
SAMSUNG,Galaxy S23+ ,Smartphone,6.6,512 GB,Cream,849.,mediamarkt,https://www.mediamarkt.ch/de/product/_samsung-galaxy-s23-2167375.html,new,2024-04-15,2167375,(155),4.6,50 MP,Auslieferung in bis zu 7 Werktagen
SAMSUNG,Galaxy S24+ ,Smartphone,6.7,256 GB,Amber Yellow,949.,mediamarkt,https://www.mediamarkt.ch/de/product/_samsung-galaxy-s24-2220722.html,new,2024-04-15,2220722,(210),4.5,50 MP,"Wir bestellen für Sie den Artikel direkt beim Lieferanten. Sobald der Artikel verfügbar ist, werden Sie per E-Mail informiert."
MOTOROLA,Edge 40 Neo ,Smartphone,6.55,256 GB,Black Beauty,371.95,mediamarkt,https://www.mediamarkt.ch/de/product/_motorola-edge-40-neo-2216174.html,new,2024-04-15,2216174,(18),5.0,50 MP,Auslieferung in bis zu 7 Werktagen
MOTOROLA,Edge 40 Neo ,Smartphone,6.55,256 GB,Soothing Sea,371.95,mediamarkt,https://www.mediamarkt.ch/de/product/_motorola-edge-40-neo-2216175.html,new,2024-04-15,2216175,(7),4.7,50 MP,Auslieferung in bis zu 7 Werktagen
XIAOMI,Redmi 12 ,Smartphone,6.79,128 GB,Polar Silver,178.95,mediamarkt,https://www.mediamarkt.ch/de/product/_xiaomi-redmi-12-2203273.html,new,2024-04-15,2203273,(7),4.9,50 MP,Aktuell nicht lieferbar und kein Liefertermin vorhanden. Alle Angaben ohne Gewähr.
XIAOMI,Redmi 12 ,Smartphone,6.79,128 GB,Sky Blue,178.95,mediamarkt,https://www.mediamarkt.ch/de/product/_xiaomi-redmi-12-2203275.html,new,2024-04-15,2203275,(16),4.3,50 MP,Auslieferung in bis zu 7 Werktagen
APPLE,iPhone 13 ,Smartphone,6.1,512 GB,Green,835.,mediamarkt,https://www.mediamarkt.ch/de/product/_apple-iphone-13-2118879.html,new,2024-04-15,2118879,(0),,12 MP,Aktuell nicht lieferbar und kein Liefertermin vorhanden. Alle Angaben ohne Gewähr.
APPLE,iPhone 15 Pro Max ,Smartphone,6.7,1 TB,Blue Titanium,1565.,mediamarkt,https://www.mediamarkt.ch/de/product/_apple-iphone-15-pro-max-2203441.html,new,2024-04-15,2203441,(1),5.0,48 MP,Aktuell nicht lieferbar und kein Liefertermin vorhanden. Alle Angaben ohne Gewähr.
APPLE,iPhone 15 ,Smartphone,6.1,256 GB,Pink,829.,mediamarkt,https://www.mediamarkt.ch/de/product/_apple-iphone-15-2203377.html,new,2024-04-15,2203377,(4),4.0,48 MP,Auslieferung in 1-4 Werktagen
OPPO,Reno8 Lite 5G ,Smartphone,6.43,128 GB,Rainbow Spectrum,179.70,mediamarkt,https://www.mediamarkt.ch/de/product/_oppo-reno8-lite-5g-2131454.html,new,2024-04-15,2131454,(2),5.0,64 MP,Der Artikel ist nicht mehr verfügbar. Prüfen Sie die Marktverfügbarkeit
APPLE,iPhone 15 Plus ,Smartphone,6.7,512 GB,Blue,1123.,mediamarkt,https://www.mediamarkt.ch/de/product/_apple-iphone-15-plus-2203401.html,new,2024-04-15,2203401,(0),,48 MP,Auslieferung in 1-2 Werktagen
APPLE,iPhone 12 ,Smartphone,6.1,128 GB,White,529.,mediamarkt,https://www.mediamarkt.ch/de/product/_apple-iphone-12-2028654.html,new,2024-04-15,2028654,(16),4.7,12 MP,Auslieferung in 1-2 Werktagen
APPLE,iPhone 15 Plus ,Smartphone,6.7,512 GB,Green,1123.,mediamarkt,https://www.mediamarkt.ch/de/product/_apple-iphone-15-plus-2203402.html,new,2024-04-15,2203402,(0),,48 MP,"Bestellbar, Auslieferung in 1-2 Werktagen"
APPLE,iPhone 12 ,Smartphone,6.1,64 GB,Green,479.95,mediamarkt,https://www.mediamarkt.ch/de/product/_apple-iphone-12-2028652.html,new,2024-04-15,2028652,(4),4.8,12 MP,Auslieferung in 1-2 Werktagen
XIAOMI,Redmi Note 11 Pro 4G ,Smartphone,6.67,128 GB,Graphite Grey,299.70,mediamarkt,https://www.mediamarkt.ch/de/product/_xiaomi-redmi-note-11-pro-4g-2122548.html,new,2024-04-15,2122548,(8),4.5,108 MP,Der Artikel ist nicht mehr verfügbar. Prüfen Sie die Marktverfügbarkeit
XIAOMI,Black Shark 2 Pro ,Smartphone,6.39,128 GB,Iceberg Grey,598.,mediamarkt,https://www.mediamarkt.ch/de/product/_xiaomi-black-shark-2-pro-1971824.html,new,2024-04-15,1971824,(0),,48 MP,Auslieferung in bis zu 7 Werktagen
APPLE,iPhone SE ,Smartphone,4.7,128 GB,"128 GB, (PRODUCT)RED",430.95,mediamarkt,https://www.mediamarkt.ch/de/product/_apple-iphone-se-2118904.html,new,2024-04-15,2118904,(1),5.0,12 MP,Aktuell nicht lieferbar und kein Liefertermin vorhanden. Alle Angaben ohne Gewähr.
APPLE,iPhone 15 ,Smartphone,6.1,512 GB,Green,1026.,mediamarkt,https://www.mediamarkt.ch/de/product/_apple-iphone-15-2203387.html,new,2024-04-15,2203387,(0),,48 MP,Auslieferung in 1-2 Werktagen
APPLE,iPhone 15 Pro ,Smartphone,6.1,512 GB,Natural Titanium,1263.,mediamarkt,https://www.mediamarkt.ch/de/product/_apple-iphone-15-pro-2203415.html,new,2024-04-15,2203415,(1),5.0,48 MP,Aktuell nicht lieferbar und kein Liefertermin vorhanden. Alle Angaben ohne Gewähr.
APPLE,iPhone 14 ,Smartphone,6.1,128 GB,"128 GB, (PRODUCT)RED",619.,mediamarkt,https://www.mediamarkt.ch/de/product/_apple-iphone-14-2151028.html,new,2024-04-15,2151028,(16),4.8,12 MP,Auslieferung in 1-2 Werktagen
APPLE,iPhone 15 Plus ,Smartphone,6.7,128 GB,Yellow,837.,mediamarkt,https://www.mediamarkt.ch/de/product/_apple-iphone-15-plus-2203390.html,new,2024-04-15,2203390,(0),,48 MP,Auslieferung in 1-4 Werktagen
SAMSUNG,Galaxy S21 FE 5G ,Smartphone,6.4,128 GB,Olive,707.,mediamarkt,https://www.mediamarkt.ch/de/product/_samsung-galaxy-s21-fe-5g-2105601.html,new,2024-04-15,2105601,(6),3.7,12 MP,Der Artikel ist nicht mehr verfügbar. Prüfen Sie die Marktverfügbarkeit
XIAOMI,Redmi Note 12 Pro 4G ,Smartphone,6.67,256 GB,Glacier Blue,383.95,mediamarkt,https://www.mediamarkt.ch/de/product/_xiaomi-redmi-note-12-pro-4g-2195958.html,new,2024-04-15,2195958,(6),4.5,108 MP,Auslieferung in bis zu 7 Werktagen
XIAOMI,POCO M5s ,Smartphone,6.43,64 GB,Blau,177.95,mediamarkt,https://www.mediamarkt.ch/de/product/_xiaomi-poco-m5s-2152694.html,new,2024-04-15,2152694,(0),,64 MP,Auslieferung in bis zu 7 Werktagen
XIAOMI,POCO M5s ,Smartphone,6.43,64 GB,Weiss,206.95,mediamarkt,https://www.mediamarkt.ch/de/product/_xiaomi-poco-m5s-2152695.html,new,2024-04-15,2152695,(0),,64 MP,Auslieferung in bis zu 7 Werktagen
XIAOMI,Redmi 10 ,Smartphone,6.5,128 GB,Carbon Grey,149.70,mediamarkt,https://www.mediamarkt.ch/de/product/_xiaomi-redmi-10-2141006.html,new,2024-04-15,2141006,(10),3.4,50 MP,"Bestellbar, Auslieferung in 1-2 Werktagen"
XIAOMI,13 Pro ,Smartphone,6.73,256 GB,Ceramic Black,1161.,mediamarkt,https://www.mediamarkt.ch/de/product/_xiaomi-13-pro-2175507.html,new,2024-04-15,2175507,(2),5.0,50 MP,Aktuell nicht lieferbar und kein Liefertermin vorhanden. Alle Angaben ohne Gewähr.
FAIRPHONE,4 5G ,Smartphone,6.3,256 GB,Grau,516.,mediamarkt,https://www.mediamarkt.ch/de/product/_fairphone-4-5g-2093553.html,new,2024-04-15,2093553,(0),,48 MP,Auslieferung in 1-2 Werktagen
XIAOMI,13 ,Smartphone,6.36,256 GB,Schwarz,893.,mediamarkt,https://www.mediamarkt.ch/de/product/_xiaomi-13-2175508.html,new,2024-04-15,2175508,(6),4.2,50 MP,Aktuell nicht lieferbar und kein Liefertermin vorhanden. Alle Angaben ohne Gewähr.
APPLE,iPhone 14 Pro ,Smartphone,6.1,128 GB,Space Black,937.,mediamarkt,https://www.mediamarkt.ch/de/product/_apple-iphone-14-pro-2151055.html,new,2024-04-15,2151055,(36),4.6,48 MP,Auslieferung in 1-4 Werktagen
APPLE,iPhone 15 Plus ,Smartphone,6.7,512 GB,Pink,1148.,mediamarkt,https://www.mediamarkt.ch/de/product/_apple-iphone-15-plus-2203399.html,new,2024-04-15,2203399,(0),,48 MP,"Wir bestellen für Sie den Artikel direkt beim Lieferanten. Sobald der Artikel verfügbar ist, werden Sie per E-Mail informiert."
XIAOMI,Redmi Note 12 Pro 5G ,Smartphone,6.67,128 GB,Midnight Black,239.70,mediamarkt,https://www.mediamarkt.ch/de/product/_xiaomi-redmi-note-12-pro-5g-2176856.html,new,2024-04-15,2176856,(14),4.6,50 MP,Das Produkt ist online ausverkauft.
APPLE,iPhone 12 ,Smartphone,6.1,64 GB,White,479.95,mediamarkt,https://www.mediamarkt.ch/de/product/_apple-iphone-12-2028626.html,new,2024-04-15,2028626,(11),4.4,12 MP,"Bestellbar, Auslieferung in 1-2 Werktagen"
APPLE,iPhone 14 Plus ,Smartphone,6.7,256 GB,Blue,829.,mediamarkt,https://www.mediamarkt.ch/de/product/_apple-iphone-14-plus-2151049.html,new,2024-04-15,2151049,(2),5.0,12 MP,"Wir bestellen für Sie den Artikel direkt beim Lieferanten. Sobald der Artikel verfügbar ist, werden Sie per E-Mail informiert."
XIAOMI,Redmi Note 12 4G ,Smartphone,6.67,128 GB,Onyx Gray,159.70,mediamarkt,https://www.mediamarkt.ch/de/product/_xiaomi-redmi-note-12-4g-2176859.html,new,2024-04-15,2176859,(35),3.8,50 MP,Auslieferung in 1-4 Werktagen
